--
-- PostgreSQL database dump
--

SET client_encoding = 'UTF8';
SET standard_conforming_strings = off;
SET check_function_bodies = false;
SET client_min_messages = warning;
SET escape_string_warning = off;

--
-- Name: SCHEMA public; Type: COMMENT; Schema: -; Owner: postgres
--

COMMENT ON SCHEMA public IS 'Standard public schema';


SET search_path = public, pg_catalog;

SET default_tablespace = '';

SET default_with_oids = false;

--
-- Name: ipnetwork; Type: TABLE; Schema: public; Owner: postgres; Tablespace: 
--

CREATE TABLE ipnetwork (
    id character varying(255) NOT NULL,
    name character varying(255),
    connectiontype character varying(255)
);


ALTER TABLE public.ipnetwork OWNER TO postgres;

--
-- Name: ipnetwork_networkgraph; Type: TABLE; Schema: public; Owner: postgres; Tablespace: 
--

CREATE TABLE ipnetwork_networkgraph (
    ipnetwork_key character varying(255) NOT NULL,
    sourcerouterkey character varying(255),
    sourceinterfaceid character varying(255),
    sourcesubinterfaceid character varying(255),
    sourceanchor character varying(255),
    targetrouterkey character varying(255),
    targetinterfaceid character varying(255),
    targetsubinterfaceid character varying(255),
    targetanchor character varying(255),
    "position" integer NOT NULL
);


ALTER TABLE public.ipnetwork_networkgraph OWNER TO postgres;

--
-- Name: ipnetwork_routers; Type: TABLE; Schema: public; Owner: postgres; Tablespace: 
--

CREATE TABLE ipnetwork_routers (
    ipnetwork_key character varying(255) NOT NULL,
    "key" character varying(255),
    host character varying(255),
    "position" integer NOT NULL
);


ALTER TABLE public.ipnetwork_routers OWNER TO postgres;

--
-- Name: ipnetwork_routes; Type: TABLE; Schema: public; Owner: postgres; Tablespace: 
--

CREATE TABLE ipnetwork_routes (
    ipnetwork_key character varying(255) NOT NULL,
    routes character varying(255),
    "position" integer NOT NULL
);


ALTER TABLE public.ipnetwork_routes OWNER TO postgres;

--
-- Name: ipnetwork_subnetworks; Type: TABLE; Schema: public; Owner: postgres; Tablespace: 
--

CREATE TABLE ipnetwork_subnetworks (
    ipnetwork_key character varying(255) NOT NULL,
    subnetworks character varying(255),
    "position" integer NOT NULL
);


ALTER TABLE public.ipnetwork_subnetworks OWNER TO postgres;

--
-- Name: ipnetwork_vpns; Type: TABLE; Schema: public; Owner: postgres; Tablespace: 
--

CREATE TABLE ipnetwork_vpns (
    ipnetwork_key character varying(255) NOT NULL,
    vpns character varying(255),
    "position" integer NOT NULL
);


ALTER TABLE public.ipnetwork_vpns OWNER TO postgres;

--
-- Name: policies_context; Type: TABLE; Schema: public; Owner: postgres; Tablespace: 
--

CREATE TABLE policies_context (
    policy_key character varying(255) NOT NULL,
    context_key character varying(255),
    "position" integer NOT NULL
);


ALTER TABLE public.policies_context OWNER TO postgres;

--
-- Name: policies_organizationsallowed; Type: TABLE; Schema: public; Owner: postgres; Tablespace: 
--

CREATE TABLE policies_organizationsallowed (
    policy_key character varying(255) NOT NULL,
    organizations_allowed character varying(255),
    "position" integer NOT NULL
);


ALTER TABLE public.policies_organizationsallowed OWNER TO postgres;

--
-- Name: policies_usersallowed; Type: TABLE; Schema: public; Owner: postgres; Tablespace: 
--

CREATE TABLE policies_usersallowed (
    policy_key character varying(255) NOT NULL,
    users_allowed character varying(255),
    "position" integer NOT NULL
);


ALTER TABLE public.policies_usersallowed OWNER TO postgres;

--
-- Name: policy; Type: TABLE; Schema: public; Owner: postgres; Tablespace: 
--

CREATE TABLE policy (
    policy_key character varying(255) NOT NULL,
    operation character varying(255),
    resource_key character varying(255)
);


ALTER TABLE public.policy OWNER TO postgres;

--
-- Name: router_instance; Type: TABLE; Schema: public; Owner: postgres; Tablespace: 
--

CREATE TABLE router_instance (
    router_resource_id character varying(255) NOT NULL,
    router_name character varying(255),
    model character varying(255),
    parent character varying(255),
    polling_period bigint,
    "location" integer,
    accessconfiguration integer
);


ALTER TABLE public.router_instance OWNER TO postgres;

--
-- Name: router_instance_access_configuration; Type: TABLE; Schema: public; Owner: postgres; Tablespace: 
--

CREATE TABLE router_instance_access_configuration (
    access_configuration_id integer NOT NULL,
    ip_access_address character varying(255),
    port integer,
    transport_name character varying(255),
    protocol_name character varying(255)
);


ALTER TABLE public.router_instance_access_configuration OWNER TO postgres;

--
-- Name: router_instance_children; Type: TABLE; Schema: public; Owner: postgres; Tablespace: 
--

CREATE TABLE router_instance_children (
    router_instance_id character varying(255) NOT NULL,
    children_key character varying(255),
    "position" integer NOT NULL
);


ALTER TABLE public.router_instance_children OWNER TO postgres;

--
-- Name: router_instance_location_type; Type: TABLE; Schema: public; Owner: postgres; Tablespace: 
--

CREATE TABLE router_instance_location_type (
    location_id integer NOT NULL,
    city character varying(255),
    country character varying(255),
    address character varying(255),
    telephone character varying(255),
    email character varying(255),
    latitude double precision,
    longitude double precision,
    time_zone character varying(255)
);


ALTER TABLE public.router_instance_location_type OWNER TO postgres;

--
-- Name: router_instance_user_account; Type: TABLE; Schema: public; Owner: postgres; Tablespace: 
--

CREATE TABLE router_instance_user_account (
    user_account_id integer NOT NULL,
    user_id character varying(255),
    psw character varying(255),
    privileged_user character varying(255),
    privileged_psw character varying(255),
    router_configured character varying(255),
    smtp_server character varying(255),
    smtp_server_port character varying(255),
    email_user character varying(255),
    email_password character varying(255),
    router_instance_id character varying(255)
);


ALTER TABLE public.router_instance_user_account OWNER TO postgres;

--
-- Name: user_instance; Type: TABLE; Schema: public; Owner: postgres; Tablespace: 
--

CREATE TABLE user_instance (
    resource_id character varying(255) NOT NULL,
    user_name character varying(255),
    first_name character varying(255),
    last_name character varying(255),
    organization character varying(255),
    address character varying(255),
    telephone character varying(255),
    email character varying(255),
    "role" character varying(255)
);


ALTER TABLE public.user_instance OWNER TO postgres;

--
-- Data for Name: ipnetwork; Type: TABLE DATA; Schema: public; Owner: postgres
--

COPY ipnetwork (id, name, connectiontype) FROM stdin;
8dd11eb0-58ed-11df-800e-d4c54852903c	AS1	Shortest Path
a0b4ef70-58ed-11df-800e-d4c54852903c	AS2	Shortest Path
\.


--
-- Data for Name: ipnetwork_networkgraph; Type: TABLE DATA; Schema: public; Owner: postgres
--

COPY ipnetwork_networkgraph (ipnetwork_key, sourcerouterkey, sourceinterfaceid, sourcesubinterfaceid, sourceanchor, targetrouterkey, targetinterfaceid, targetsubinterfaceid, targetanchor, "position") FROM stdin;
\.


--
-- Data for Name: ipnetwork_routers; Type: TABLE DATA; Schema: public; Owner: postgres
--

COPY ipnetwork_routers (ipnetwork_key, "key", host, "position") FROM stdin;
8dd11eb0-58ed-11df-800e-d4c54852903c	f66642e0-58eb-11df-800e-d4c54852903c	https://orion.argia.i2cat.net:8443/wsrf/services/manticore/RouterResourceService	0
8dd11eb0-58ed-11df-800e-d4c54852903c	f8a2c560-58eb-11df-800e-d4c54852903c	https://orion.argia.i2cat.net:8443/wsrf/services/manticore/RouterResourceService	1
8dd11eb0-58ed-11df-800e-d4c54852903c	fb24dc60-58eb-11df-800e-d4c54852903c	https://orion.argia.i2cat.net:8443/wsrf/services/manticore/RouterResourceService	2
8dd11eb0-58ed-11df-800e-d4c54852903c	fd4c9e60-58eb-11df-800e-d4c54852903c	https://orion.argia.i2cat.net:8443/wsrf/services/manticore/RouterResourceService	3
8dd11eb0-58ed-11df-800e-d4c54852903c	ff708fd0-58eb-11df-800e-d4c54852903c	https://orion.argia.i2cat.net:8443/wsrf/services/manticore/RouterResourceService	4
8dd11eb0-58ed-11df-800e-d4c54852903c	019125e0-58ec-11df-800e-d4c54852903c	https://orion.argia.i2cat.net:8443/wsrf/services/manticore/RouterResourceService	5
8dd11eb0-58ed-11df-800e-d4c54852903c	03c19a70-58ec-11df-800e-d4c54852903c	https://orion.argia.i2cat.net:8443/wsrf/services/manticore/RouterResourceService	6
8dd11eb0-58ed-11df-800e-d4c54852903c	05e71280-58ec-11df-800e-d4c54852903c	https://orion.argia.i2cat.net:8443/wsrf/services/manticore/RouterResourceService	7
a0b4ef70-58ed-11df-800e-d4c54852903c	efa5bee0-58eb-11df-800e-d4c54852903c	https://orion.argia.i2cat.net:8443/wsrf/services/manticore/RouterResourceService	0
a0b4ef70-58ed-11df-800e-d4c54852903c	f2284b10-58eb-11df-800e-d4c54852903c	https://orion.argia.i2cat.net:8443/wsrf/services/manticore/RouterResourceService	1
a0b4ef70-58ed-11df-800e-d4c54852903c	f44cb1b0-58eb-11df-800e-d4c54852903c	https://orion.argia.i2cat.net:8443/wsrf/services/manticore/RouterResourceService	2
\.


--
-- Data for Name: ipnetwork_routes; Type: TABLE DATA; Schema: public; Owner: postgres
--

COPY ipnetwork_routes (ipnetwork_key, routes, "position") FROM stdin;
\.


--
-- Data for Name: ipnetwork_subnetworks; Type: TABLE DATA; Schema: public; Owner: postgres
--

COPY ipnetwork_subnetworks (ipnetwork_key, subnetworks, "position") FROM stdin;
\.


--
-- Data for Name: ipnetwork_vpns; Type: TABLE DATA; Schema: public; Owner: postgres
--

COPY ipnetwork_vpns (ipnetwork_key, vpns, "position") FROM stdin;
\.


--
-- Data for Name: policies_context; Type: TABLE DATA; Schema: public; Owner: postgres
--

COPY policies_context (policy_key, context_key, "position") FROM stdin;
0556d2b0-58e7-11df-800e-d4c54852903c		0
056c7d90-58e7-11df-800e-d4c54852903c		0
0570c350-58e7-11df-800e-d4c54852903c		0
df947670-58e8-11df-800e-d4c54852903c		0
df9a42d0-58e8-11df-800e-d4c54852903c		0
dfa00f30-58e8-11df-800e-d4c54852903c		0
dfa3b8b0-58e8-11df-800e-d4c54852903c		0
dfa873a0-58e8-11df-800e-d4c54852903c		0
dface070-58e8-11df-800e-d4c54852903c		0
4e8de2f0-58e9-11df-800e-d4c54852903c		0
4e9472a0-58e9-11df-800e-d4c54852903c		0
4e98df70-58e9-11df-800e-d4c54852903c		0
4e9d9a60-58e9-11df-800e-d4c54852903c		0
4ea11cd0-58e9-11df-800e-d4c54852903c		0
4ea47830-58e9-11df-800e-d4c54852903c		0
ef387e20-58eb-11df-800e-d4c54852903c		0
ef432c80-58eb-11df-800e-d4c54852903c		0
ef46aef0-58eb-11df-800e-d4c54852903c	CONFIGURE_INTERFACES	0
ef49e340-58eb-11df-800e-d4c54852903c	DELETE_LOGICAL_INTERFACE	0
ef4e2900-58eb-11df-800e-d4c54852903c	REFRESH	0
ef515d50-58eb-11df-800e-d4c54852903c	CONFIGURE_STATUS	0
ef57c5f0-58eb-11df-800e-d4c54852903c	ADD_STATIC_ROUTE	0
ef5b9680-58eb-11df-800e-d4c54852903c	DELETE_STATIC_ROUTE	0
ef5f18f0-58eb-11df-800e-d4c54852903c	CONFIGURE_RIP_ROUTE	0
ef635eb0-58eb-11df-800e-d4c54852903c	DELETE_RIP_ROUTE	0
ef66ba10-58eb-11df-800e-d4c54852903c	CONFIGURE_OSPF_ROUTE	0
ef6a1570-58eb-11df-800e-d4c54852903c	DELETE_OSPF_ROUTE	0
ef6d49c0-58eb-11df-800e-d4c54852903c	CONFIGURE_RIPNG_ROUTE	0
ef70a520-58eb-11df-800e-d4c54852903c	DELETE_RIPNG_ROUTE	0
ef79a5d0-58eb-11df-800e-d4c54852903c	CONFIGURE_OSPFV3_ROUTE	0
ef7d2840-58eb-11df-800e-d4c54852903c	DELETE_OSPFV3_ROUTE	0
ef8083a0-58eb-11df-800e-d4c54852903c	CONFIGURE_BGP_ROUTE	0
ef83b7f0-58eb-11df-800e-d4c54852903c	DELETE_BGP_ROUTE	0
ef871350-58eb-11df-800e-d4c54852903c	CONFIGURE_POLICIES_BGP	0
ef8b3200-58eb-11df-800e-d4c54852903c	DELETE_POLICIES_BGP	0
ef8e1830-58eb-11df-800e-d4c54852903c		0
ef90fe60-58eb-11df-800e-d4c54852903c		0
ef93e490-58eb-11df-800e-d4c54852903c		0
ef96cac0-58eb-11df-800e-d4c54852903c		0
ef9a9b50-58eb-11df-800e-d4c54852903c		0
f1737a00-58eb-11df-800e-d4c54852903c		0
f1780de0-58eb-11df-800e-d4c54852903c		0
f17b6940-58eb-11df-800e-d4c54852903c	CONFIGURE_INTERFACES	0
f1872910-58eb-11df-800e-d4c54852903c	DELETE_LOGICAL_INTERFACE	0
f1a27940-58eb-11df-800e-d4c54852903c	REFRESH	0
f1a5d4a0-58eb-11df-800e-d4c54852903c	CONFIGURE_STATUS	0
f1aa6880-58eb-11df-800e-d4c54852903c	ADD_STATIC_ROUTE	0
f1adc3e0-58eb-11df-800e-d4c54852903c	DELETE_STATIC_ROUTE	0
f1b14650-58eb-11df-800e-d4c54852903c	CONFIGURE_RIP_ROUTE	0
f1b4a1b0-58eb-11df-800e-d4c54852903c	DELETE_RIP_ROUTE	0
f1cb8510-58eb-11df-800e-d4c54852903c	CONFIGURE_OSPF_ROUTE	0
f1e06ca0-58eb-11df-800e-d4c54852903c	DELETE_OSPF_ROUTE	0
f1e3ef10-58eb-11df-800e-d4c54852903c	CONFIGURE_RIPNG_ROUTE	0
f1e74a70-58eb-11df-800e-d4c54852903c	DELETE_RIPNG_ROUTE	0
f1eaf3f0-58eb-11df-800e-d4c54852903c	CONFIGURE_OSPFV3_ROUTE	0
f1ee4f50-58eb-11df-800e-d4c54852903c	DELETE_OSPFV3_ROUTE	0
f1f2e330-58eb-11df-800e-d4c54852903c	CONFIGURE_BGP_ROUTE	0
f1f63e90-58eb-11df-800e-d4c54852903c	DELETE_BGP_ROUTE	0
f1f972e0-58eb-11df-800e-d4c54852903c	CONFIGURE_POLICIES_BGP	0
f1fcf550-58eb-11df-800e-d4c54852903c	DELETE_POLICIES_BGP	0
f20a89e0-58eb-11df-800e-d4c54852903c		0
f20d9720-58eb-11df-800e-d4c54852903c		0
f216bee0-58eb-11df-800e-d4c54852903c		0
f219cc20-58eb-11df-800e-d4c54852903c		0
f21cd960-58eb-11df-800e-d4c54852903c		0
f3edefe0-58eb-11df-800e-d4c54852903c		0
f3f0d610-58eb-11df-800e-d4c54852903c		0
f3f542e0-58eb-11df-800e-d4c54852903c	CONFIGURE_INTERFACES	0
f3f89e40-58eb-11df-800e-d4c54852903c	DELETE_LOGICAL_INTERFACE	0
f3fd0b10-58eb-11df-800e-d4c54852903c	REFRESH	0
f4006670-58eb-11df-800e-d4c54852903c	CONFIGURE_STATUS	0
f403c1d0-58eb-11df-800e-d4c54852903c	ADD_STATIC_ROUTE	0
f406f620-58eb-11df-800e-d4c54852903c	DELETE_STATIC_ROUTE	0
f40a2a70-58eb-11df-800e-d4c54852903c	CONFIGURE_RIP_ROUTE	0
f40e4920-58eb-11df-800e-d4c54852903c	DELETE_RIP_ROUTE	0
f411cb90-58eb-11df-800e-d4c54852903c	CONFIGURE_OSPF_ROUTE	0
f41526f0-58eb-11df-800e-d4c54852903c	DELETE_OSPF_ROUTE	0
f418d070-58eb-11df-800e-d4c54852903c	CONFIGURE_RIPNG_ROUTE	0
f41c52e0-58eb-11df-800e-d4c54852903c	DELETE_RIPNG_ROUTE	0
f4202370-58eb-11df-800e-d4c54852903c	CONFIGURE_OSPFV3_ROUTE	0
f4246930-58eb-11df-800e-d4c54852903c	DELETE_OSPFV3_ROUTE	0
f427eba0-58eb-11df-800e-d4c54852903c	CONFIGURE_BGP_ROUTE	0
f42b4700-58eb-11df-800e-d4c54852903c	DELETE_BGP_ROUTE	0
f42ea260-58eb-11df-800e-d4c54852903c	CONFIGURE_POLICIES_BGP	0
f4329a00-58eb-11df-800e-d4c54852903c	DELETE_POLICIES_BGP	0
f4358030-58eb-11df-800e-d4c54852903c		0
f43902a0-58eb-11df-800e-d4c54852903c		0
f43be8d0-58eb-11df-800e-d4c54852903c		0
f43ecf00-58eb-11df-800e-d4c54852903c		0
f4420350-58eb-11df-800e-d4c54852903c		0
f6053720-58eb-11df-800e-d4c54852903c		0
f609a3f0-58eb-11df-800e-d4c54852903c		0
f60e5ee0-58eb-11df-800e-d4c54852903c	CONFIGURE_INTERFACES	0
f611e150-58eb-11df-800e-d4c54852903c	DELETE_LOGICAL_INTERFACE	0
f6153cb0-58eb-11df-800e-d4c54852903c	REFRESH	0
f618bf20-58eb-11df-800e-d4c54852903c	CONFIGURE_STATUS	0
f61c1a80-58eb-11df-800e-d4c54852903c	ADD_STATIC_ROUTE	0
f6208750-58eb-11df-800e-d4c54852903c	DELETE_STATIC_ROUTE	0
f62409c0-58eb-11df-800e-d4c54852903c	CONFIGURE_RIP_ROUTE	0
f6276520-58eb-11df-800e-d4c54852903c	DELETE_RIP_ROUTE	0
f62ac080-58eb-11df-800e-d4c54852903c	CONFIGURE_OSPF_ROUTE	0
f62e42f0-58eb-11df-800e-d4c54852903c	DELETE_OSPF_ROUTE	0
f63261a0-58eb-11df-800e-d4c54852903c	CONFIGURE_RIPNG_ROUTE	0
f635bd00-58eb-11df-800e-d4c54852903c	DELETE_RIPNG_ROUTE	0
f6391860-58eb-11df-800e-d4c54852903c	CONFIGURE_OSPFV3_ROUTE	0
f63c73c0-58eb-11df-800e-d4c54852903c	DELETE_OSPFV3_ROUTE	0
f63fcf20-58eb-11df-800e-d4c54852903c	CONFIGURE_BGP_ROUTE	0
f64414e0-58eb-11df-800e-d4c54852903c	DELETE_BGP_ROUTE	0
f6477040-58eb-11df-800e-d4c54852903c	CONFIGURE_POLICIES_BGP	0
f64acba0-58eb-11df-800e-d4c54852903c	DELETE_POLICIES_BGP	0
f64e7520-58eb-11df-800e-d4c54852903c		0
f6515b50-58eb-11df-800e-d4c54852903c		0
f6544180-58eb-11df-800e-d4c54852903c		0
f6581210-58eb-11df-800e-d4c54852903c		0
f65b1f50-58eb-11df-800e-d4c54852903c		0
f830c9b0-58eb-11df-800e-d4c54852903c		0
f8347330-58eb-11df-800e-d4c54852903c		0
f837ce90-58eb-11df-800e-d4c54852903c	CONFIGURE_INTERFACES	0
f83b9f20-58eb-11df-800e-d4c54852903c	DELETE_LOGICAL_INTERFACE	0
f83fe4e0-58eb-11df-800e-d4c54852903c	REFRESH	0
f852f7b0-58eb-11df-800e-d4c54852903c	CONFIGURE_STATUS	0
f85abfe0-58eb-11df-800e-d4c54852903c	ADD_STATIC_ROUTE	0
f85e1b40-58eb-11df-800e-d4c54852903c	DELETE_STATIC_ROUTE	0
f8628810-58eb-11df-800e-d4c54852903c	CONFIGURE_RIP_ROUTE	0
f865e370-58eb-11df-800e-d4c54852903c	DELETE_RIP_ROUTE	0
f8693ed0-58eb-11df-800e-d4c54852903c	CONFIGURE_OSPF_ROUTE	0
f86c7320-58eb-11df-800e-d4c54852903c	DELETE_OSPF_ROUTE	0
f86fa770-58eb-11df-800e-d4c54852903c	CONFIGURE_RIPNG_ROUTE	0
f872dbc0-58eb-11df-800e-d4c54852903c	DELETE_RIPNG_ROUTE	0
f8776fa0-58eb-11df-800e-d4c54852903c	CONFIGURE_OSPFV3_ROUTE	0
f87acb00-58eb-11df-800e-d4c54852903c	DELETE_OSPFV3_ROUTE	0
f87e2660-58eb-11df-800e-d4c54852903c	CONFIGURE_BGP_ROUTE	0
f8815ab0-58eb-11df-800e-d4c54852903c	DELETE_BGP_ROUTE	0
f884b610-58eb-11df-800e-d4c54852903c	CONFIGURE_POLICIES_BGP	0
f888adb0-58eb-11df-800e-d4c54852903c	DELETE_POLICIES_BGP	0
f88c3020-58eb-11df-800e-d4c54852903c		0
f88f3d60-58eb-11df-800e-d4c54852903c		0
f8922390-58eb-11df-800e-d4c54852903c		0
f89557e0-58eb-11df-800e-d4c54852903c		0
f8992870-58eb-11df-800e-d4c54852903c		0
fac24a00-58eb-11df-800e-d4c54852903c		0
fac5a560-58eb-11df-800e-d4c54852903c		0
fac900c0-58eb-11df-800e-d4c54852903c	CONFIGURE_INTERFACES	0
facc8330-58eb-11df-800e-d4c54852903c	DELETE_LOGICAL_INTERFACE	0
fad02cb0-58eb-11df-800e-d4c54852903c	REFRESH	0
fad38810-58eb-11df-800e-d4c54852903c	CONFIGURE_STATUS	0
fad7a6c0-58eb-11df-800e-d4c54852903c	ADD_STATIC_ROUTE	0
fadc1390-58eb-11df-800e-d4c54852903c	DELETE_STATIC_ROUTE	0
fadf9600-58eb-11df-800e-d4c54852903c	CONFIGURE_RIP_ROUTE	0
fae33f80-58eb-11df-800e-d4c54852903c	DELETE_RIP_ROUTE	0
fae69ae0-58eb-11df-800e-d4c54852903c	CONFIGURE_OSPF_ROUTE	0
faeab990-58eb-11df-800e-d4c54852903c	DELETE_OSPF_ROUTE	0
faee14f0-58eb-11df-800e-d4c54852903c	CONFIGURE_RIPNG_ROUTE	0
faf17050-58eb-11df-800e-d4c54852903c	DELETE_RIPNG_ROUTE	0
faf4cbb0-58eb-11df-800e-d4c54852903c	CONFIGURE_OSPFV3_ROUTE	0
faf82710-58eb-11df-800e-d4c54852903c	DELETE_OSPFV3_ROUTE	0
fb006470-58eb-11df-800e-d4c54852903c	CONFIGURE_BGP_ROUTE	0
fb0398c0-58eb-11df-800e-d4c54852903c	DELETE_BGP_ROUTE	0
fb06f420-58eb-11df-800e-d4c54852903c	CONFIGURE_POLICIES_BGP	0
fb0a4f80-58eb-11df-800e-d4c54852903c	DELETE_POLICIES_BGP	0
fb0d35b0-58eb-11df-800e-d4c54852903c		0
fb101be0-58eb-11df-800e-d4c54852903c		0
fb143a90-58eb-11df-800e-d4c54852903c		0
fb1720c0-58eb-11df-800e-d4c54852903c		0
fb1a2e00-58eb-11df-800e-d4c54852903c		0
fce61460-58eb-11df-800e-d4c54852903c		0
fce8fa90-58eb-11df-800e-d4c54852903c		0
fcec55f0-58eb-11df-800e-d4c54852903c	CONFIGURE_INTERFACES	0
fcef8a40-58eb-11df-800e-d4c54852903c	DELETE_LOGICAL_INTERFACE	0
fcf2be90-58eb-11df-800e-d4c54852903c	REFRESH	0
fcf6dd40-58eb-11df-800e-d4c54852903c	CONFIGURE_STATUS	0
fcfa38a0-58eb-11df-800e-d4c54852903c	ADD_STATIC_ROUTE	0
fcfd9400-58eb-11df-800e-d4c54852903c	DELETE_STATIC_ROUTE	0
fd011670-58eb-11df-800e-d4c54852903c	CONFIGURE_RIP_ROUTE	0
fd0471d0-58eb-11df-800e-d4c54852903c	DELETE_RIP_ROUTE	0
fd07f440-58eb-11df-800e-d4c54852903c	CONFIGURE_OSPF_ROUTE	0
fd0eab00-58eb-11df-800e-d4c54852903c	DELETE_OSPF_ROUTE	0
fd120660-58eb-11df-800e-d4c54852903c	CONFIGURE_RIPNG_ROUTE	0
fd164c20-58eb-11df-800e-d4c54852903c	DELETE_RIPNG_ROUTE	0
fd198070-58eb-11df-800e-d4c54852903c	CONFIGURE_OSPFV3_ROUTE	0
fd1f73e0-58eb-11df-800e-d4c54852903c	DELETE_OSPFV3_ROUTE	0
fd239290-58eb-11df-800e-d4c54852903c	CONFIGURE_BGP_ROUTE	0
fd26edf0-58eb-11df-800e-d4c54852903c	DELETE_BGP_ROUTE	0
fd2a7060-58eb-11df-800e-d4c54852903c	CONFIGURE_POLICIES_BGP	0
fd2da4b0-58eb-11df-800e-d4c54852903c	DELETE_POLICIES_BGP	0
fd308ae0-58eb-11df-800e-d4c54852903c		0
fd339820-58eb-11df-800e-d4c54852903c		0
fd3c98d0-58eb-11df-800e-d4c54852903c		0
fd3f7f00-58eb-11df-800e-d4c54852903c		0
fd423e20-58eb-11df-800e-d4c54852903c		0
ff129150-58eb-11df-800e-d4c54852903c		0
ff163ad0-58eb-11df-800e-d4c54852903c		0
ff199630-58eb-11df-800e-d4c54852903c	CONFIGURE_INTERFACES	0
ff1cca80-58eb-11df-800e-d4c54852903c	DELETE_LOGICAL_INTERFACE	0
ff1ffed0-58eb-11df-800e-d4c54852903c	REFRESH	0
ff257d10-58eb-11df-800e-d4c54852903c	CONFIGURE_STATUS	0
ff28b160-58eb-11df-800e-d4c54852903c	ADD_STATIC_ROUTE	0
ff2c0cc0-58eb-11df-800e-d4c54852903c	DELETE_STATIC_ROUTE	0
ff2f4110-58eb-11df-800e-d4c54852903c	CONFIGURE_RIP_ROUTE	0
ff329c70-58eb-11df-800e-d4c54852903c	DELETE_RIP_ROUTE	0
ff366d00-58eb-11df-800e-d4c54852903c	CONFIGURE_OSPF_ROUTE	0
ff39c860-58eb-11df-800e-d4c54852903c	DELETE_OSPF_ROUTE	0
ff3d4ad0-58eb-11df-800e-d4c54852903c	CONFIGURE_RIPNG_ROUTE	0
ff416980-58eb-11df-800e-d4c54852903c	DELETE_RIPNG_ROUTE	0
ff449dd0-58eb-11df-800e-d4c54852903c	CONFIGURE_OSPFV3_ROUTE	0
ff482040-58eb-11df-800e-d4c54852903c	DELETE_OSPFV3_ROUTE	0
ff4c3ef0-58eb-11df-800e-d4c54852903c	CONFIGURE_BGP_ROUTE	0
ff4f7340-58eb-11df-800e-d4c54852903c	DELETE_BGP_ROUTE	0
ff52cea0-58eb-11df-800e-d4c54852903c	CONFIGURE_POLICIES_BGP	0
ff5602f0-58eb-11df-800e-d4c54852903c	DELETE_POLICIES_BGP	0
ff58e920-58eb-11df-800e-d4c54852903c		0
ff5ce0c0-58eb-11df-800e-d4c54852903c		0
ff5fc6f0-58eb-11df-800e-d4c54852903c		0
ff62fb40-58eb-11df-800e-d4c54852903c		0
ff65e170-58eb-11df-800e-d4c54852903c		0
012bfb70-58ec-11df-800e-d4c54852903c		0
0130dd70-58ec-11df-800e-d4c54852903c		0
013438d0-58ec-11df-800e-d4c54852903c	CONFIGURE_INTERFACES	0
01380960-58ec-11df-800e-d4c54852903c	DELETE_LOGICAL_INTERFACE	0
013b64c0-58ec-11df-800e-d4c54852903c	REFRESH	0
013fd190-58ec-11df-800e-d4c54852903c	CONFIGURE_STATUS	0
01446570-58ec-11df-800e-d4c54852903c	ADD_STATIC_ROUTE	0
0147c0d0-58ec-11df-800e-d4c54852903c	DELETE_STATIC_ROUTE	0
014b4340-58ec-11df-800e-d4c54852903c	CONFIGURE_RIP_ROUTE	0
014eecc0-58ec-11df-800e-d4c54852903c	DELETE_RIP_ROUTE	0
01530b70-58ec-11df-800e-d4c54852903c	CONFIGURE_OSPF_ROUTE	0
0156b4f0-58ec-11df-800e-d4c54852903c	DELETE_OSPF_ROUTE	0
015c8150-58ec-11df-800e-d4c54852903c	CONFIGURE_RIPNG_ROUTE	0
016003c0-58ec-11df-800e-d4c54852903c	DELETE_RIPNG_ROUTE	0
01635f20-58ec-11df-800e-d4c54852903c	CONFIGURE_OSPFV3_ROUTE	0
016708a0-58ec-11df-800e-d4c54852903c	DELETE_OSPFV3_ROUTE	0
016b9c80-58ec-11df-800e-d4c54852903c	CONFIGURE_BGP_ROUTE	0
016f4600-58ec-11df-800e-d4c54852903c	DELETE_BGP_ROUTE	0
0172c870-58ec-11df-800e-d4c54852903c	CONFIGURE_POLICIES_BGP	0
017623d0-58ec-11df-800e-d4c54852903c	DELETE_POLICIES_BGP	0
01793110-58ec-11df-800e-d4c54852903c		0
017d01a0-58ec-11df-800e-d4c54852903c		0
01800ee0-58ec-11df-800e-d4c54852903c		0
01831c20-58ec-11df-800e-d4c54852903c		0
01865070-58ec-11df-800e-d4c54852903c		0
035ee100-58ec-11df-800e-d4c54852903c		0
0361ee40-58ec-11df-800e-d4c54852903c		0
03652290-58ec-11df-800e-d4c54852903c	CONFIGURE_INTERFACES	0
03687df0-58ec-11df-800e-d4c54852903c	DELETE_LOGICAL_INTERFACE	0
036d5ff0-58ec-11df-800e-d4c54852903c	REFRESH	0
0371ccc0-58ec-11df-800e-d4c54852903c	CONFIGURE_STATUS	0
03752820-58ec-11df-800e-d4c54852903c	ADD_STATIC_ROUTE	0
03788380-58ec-11df-800e-d4c54852903c	DELETE_STATIC_ROUTE	0
037c05f0-58ec-11df-800e-d4c54852903c	CONFIGURE_RIP_ROUTE	0
037faf70-58ec-11df-800e-d4c54852903c	DELETE_RIP_ROUTE	0
0383f530-58ec-11df-800e-d4c54852903c	CONFIGURE_OSPF_ROUTE	0
03875090-58ec-11df-800e-d4c54852903c	DELETE_OSPF_ROUTE	0
038aabf0-58ec-11df-800e-d4c54852903c	CONFIGURE_RIPNG_ROUTE	0
038e0750-58ec-11df-800e-d4c54852903c	DELETE_RIPNG_ROUTE	0
039189c0-58ec-11df-800e-d4c54852903c	CONFIGURE_OSPFV3_ROUTE	0
0395a870-58ec-11df-800e-d4c54852903c	DELETE_OSPFV3_ROUTE	0
039951f0-58ec-11df-800e-d4c54852903c	CONFIGURE_BGP_ROUTE	0
039cad50-58ec-11df-800e-d4c54852903c	DELETE_BGP_ROUTE	0
03a056d0-58ec-11df-800e-d4c54852903c	CONFIGURE_POLICIES_BGP	0
03a44e70-58ec-11df-800e-d4c54852903c	DELETE_POLICIES_BGP	0
03a86d20-58ec-11df-800e-d4c54852903c		0
03ab5350-58ec-11df-800e-d4c54852903c		0
03ae6090-58ec-11df-800e-d4c54852903c		0
03b1e300-58ec-11df-800e-d4c54852903c		0
03b53e60-58ec-11df-800e-d4c54852903c		0
0586a300-58ec-11df-800e-d4c54852903c		0
058a2570-58ec-11df-800e-d4c54852903c		0
058d59c0-58ec-11df-800e-d4c54852903c	CONFIGURE_INTERFACES	0
05910340-58ec-11df-800e-d4c54852903c	DELETE_LOGICAL_INTERFACE	0
05954900-58ec-11df-800e-d4c54852903c	REFRESH	0
059b3c70-58ec-11df-800e-d4c54852903c	CONFIGURE_STATUS	0
059e97d0-58ec-11df-800e-d4c54852903c	ADD_STATIC_ROUTE	0
05a21a40-58ec-11df-800e-d4c54852903c	DELETE_STATIC_ROUTE	0
05a575a0-58ec-11df-800e-d4c54852903c	CONFIGURE_RIP_ROUTE	0
05a8d100-58ec-11df-800e-d4c54852903c	DELETE_RIP_ROUTE	0
05acefb0-58ec-11df-800e-d4c54852903c	CONFIGURE_OSPF_ROUTE	0
05b04b10-58ec-11df-800e-d4c54852903c	DELETE_OSPF_ROUTE	0
05b3cd80-58ec-11df-800e-d4c54852903c	CONFIGURE_RIPNG_ROUTE	0
05b74ff0-58ec-11df-800e-d4c54852903c	DELETE_RIPNG_ROUTE	0
05baab50-58ec-11df-800e-d4c54852903c	CONFIGURE_OSPFV3_ROUTE	0
05beca00-58ec-11df-800e-d4c54852903c	DELETE_OSPFV3_ROUTE	0
05c24c70-58ec-11df-800e-d4c54852903c	CONFIGURE_BGP_ROUTE	0
05c5cee0-58ec-11df-800e-d4c54852903c	DELETE_BGP_ROUTE	0
05c92a40-58ec-11df-800e-d4c54852903c	CONFIGURE_POLICIES_BGP	0
05cc85a0-58ec-11df-800e-d4c54852903c	DELETE_POLICIES_BGP	0
05d0a450-58ec-11df-800e-d4c54852903c		0
05d3ffb0-58ec-11df-800e-d4c54852903c		0
05d6bed0-58ec-11df-800e-d4c54852903c		0
05d9cc10-58ec-11df-800e-d4c54852903c		0
05dcb240-58ec-11df-800e-d4c54852903c		0
07a404c0-58ec-11df-800e-d4c54852903c		0
07a6eaf0-58ec-11df-800e-d4c54852903c		0
07abccf0-58ec-11df-800e-d4c54852903c	CONFIGURE_INTERFACES	0
07af2850-58ec-11df-800e-d4c54852903c	DELETE_LOGICAL_INTERFACE	0
07b36e10-58ec-11df-800e-d4c54852903c	REFRESH	0
07b6a260-58ec-11df-800e-d4c54852903c	CONFIGURE_STATUS	0
07ba4be0-58ec-11df-800e-d4c54852903c	ADD_STATIC_ROUTE	0
07bda740-58ec-11df-800e-d4c54852903c	DELETE_STATIC_ROUTE	0
07c0db90-58ec-11df-800e-d4c54852903c	CONFIGURE_RIP_ROUTE	0
07c59680-58ec-11df-800e-d4c54852903c	DELETE_RIP_ROUTE	0
07c8f1e0-58ec-11df-800e-d4c54852903c	CONFIGURE_OSPF_ROUTE	0
07cd37a0-58ec-11df-800e-d4c54852903c	DELETE_OSPF_ROUTE	0
07d0ba10-58ec-11df-800e-d4c54852903c	CONFIGURE_RIPNG_ROUTE	0
07d4ffd0-58ec-11df-800e-d4c54852903c	DELETE_RIPNG_ROUTE	0
07d88240-58ec-11df-800e-d4c54852903c	CONFIGURE_OSPFV3_ROUTE	0
07dc79e0-58ec-11df-800e-d4c54852903c	DELETE_OSPFV3_ROUTE	0
07dffc50-58ec-11df-800e-d4c54852903c	CONFIGURE_BGP_ROUTE	0
07e37ec0-58ec-11df-800e-d4c54852903c	DELETE_BGP_ROUTE	0
07e860c0-58ec-11df-800e-d4c54852903c	CONFIGURE_POLICIES_BGP	0
07ebbc20-58ec-11df-800e-d4c54852903c	DELETE_POLICIES_BGP	0
07ef8cb0-58ec-11df-800e-d4c54852903c		0
07f2e810-58ec-11df-800e-d4c54852903c		0
07f5f550-58ec-11df-800e-d4c54852903c		0
07f90290-58ec-11df-800e-d4c54852903c		0
07fc0fd0-58ec-11df-800e-d4c54852903c		0
09d03390-58ec-11df-800e-d4c54852903c		0
09d38ef0-58ec-11df-800e-d4c54852903c		0
09d6ea50-58ec-11df-800e-d4c54852903c	CONFIGURE_INTERFACES	0
09da45b0-58ec-11df-800e-d4c54852903c	DELETE_LOGICAL_INTERFACE	0
09de6460-58ec-11df-800e-d4c54852903c	REFRESH	0
09e1bfc0-58ec-11df-800e-d4c54852903c	CONFIGURE_STATUS	0
09e4f410-58ec-11df-800e-d4c54852903c	ADD_STATIC_ROUTE	0
09e84f70-58ec-11df-800e-d4c54852903c	DELETE_STATIC_ROUTE	0
09ebaad0-58ec-11df-800e-d4c54852903c	CONFIGURE_RIP_ROUTE	0
09efa270-58ec-11df-800e-d4c54852903c	DELETE_RIP_ROUTE	0
09f2fdd0-58ec-11df-800e-d4c54852903c	CONFIGURE_OSPF_ROUTE	0
09f63220-58ec-11df-800e-d4c54852903c	DELETE_OSPF_ROUTE	0
09f98d80-58ec-11df-800e-d4c54852903c	CONFIGURE_RIPNG_ROUTE	0
09fdfa50-58ec-11df-800e-d4c54852903c	DELETE_RIPNG_ROUTE	0
0a017cc0-58ec-11df-800e-d4c54852903c	CONFIGURE_OSPFV3_ROUTE	0
0a05e990-58ec-11df-800e-d4c54852903c	DELETE_OSPFV3_ROUTE	0
0a096c00-58ec-11df-800e-d4c54852903c	CONFIGURE_BGP_ROUTE	0
0a0cc760-58ec-11df-800e-d4c54852903c	DELETE_BGP_ROUTE	0
0a0ffbb0-58ec-11df-800e-d4c54852903c	CONFIGURE_POLICIES_BGP	0
0a135710-58ec-11df-800e-d4c54852903c	DELETE_POLICIES_BGP	0
0a170090-58ec-11df-800e-d4c54852903c		0
0a1a0dd0-58ec-11df-800e-d4c54852903c		0
0a1d1b10-58ec-11df-800e-d4c54852903c		0
0a202850-58ec-11df-800e-d4c54852903c		0
0a233590-58ec-11df-800e-d4c54852903c		0
8e275500-58ed-11df-800e-d4c54852903c		0
8e2e0bc0-58ed-11df-800e-d4c54852903c		0
8e364920-58ed-11df-800e-d4c54852903c	refresh	0
8e392f50-58ed-11df-800e-d4c54852903c		0
8e3bee70-58ed-11df-800e-d4c54852903c		0
8e3efbb0-58ed-11df-800e-d4c54852903c		0
8e41e1e0-58ed-11df-800e-d4c54852903c		0
8e44c810-58ed-11df-800e-d4c54852903c		0
8e49aa10-58ed-11df-800e-d4c54852903c		0
8e4c9040-58ed-11df-800e-d4c54852903c		0
8e4f7670-58ed-11df-800e-d4c54852903c		0
8e525ca0-58ed-11df-800e-d4c54852903c		0
8e551bc0-58ed-11df-800e-d4c54852903c		0
8e5801f0-58ed-11df-800e-d4c54852903c		0
a105f5a0-58ed-11df-800e-d4c54852903c		0
a10d96c0-58ed-11df-800e-d4c54852903c		0
a1111930-58ed-11df-800e-d4c54852903c	refresh	0
a113ff60-58ed-11df-800e-d4c54852903c		0
a117cff0-58ed-11df-800e-d4c54852903c		0
a11ab620-58ed-11df-800e-d4c54852903c		0
a11dc360-58ed-11df-800e-d4c54852903c		0
a1208280-58ed-11df-800e-d4c54852903c		0
a12368b0-58ed-11df-800e-d4c54852903c		0
a1264ee0-58ed-11df-800e-d4c54852903c		0
a12a6d90-58ed-11df-800e-d4c54852903c		0
a12d53c0-58ed-11df-800e-d4c54852903c		0
a13039f0-58ed-11df-800e-d4c54852903c		0
a1332020-58ed-11df-800e-d4c54852903c		0
\.


--
-- Data for Name: policies_organizationsallowed; Type: TABLE DATA; Schema: public; Owner: postgres
--

COPY policies_organizationsallowed (policy_key, organizations_allowed, "position") FROM stdin;
df947670-58e8-11df-800e-d4c54852903c	i2CAT	0
df9a42d0-58e8-11df-800e-d4c54852903c	i2CAT	0
dfa00f30-58e8-11df-800e-d4c54852903c	i2CAT	0
dfa3b8b0-58e8-11df-800e-d4c54852903c	i2CAT	0
dfa873a0-58e8-11df-800e-d4c54852903c	i2CAT	0
dface070-58e8-11df-800e-d4c54852903c	i2CAT	0
4e8de2f0-58e9-11df-800e-d4c54852903c	i2CAT	0
4e9472a0-58e9-11df-800e-d4c54852903c	i2CAT	0
4e98df70-58e9-11df-800e-d4c54852903c	i2CAT	0
4e9d9a60-58e9-11df-800e-d4c54852903c	i2CAT	0
4ea11cd0-58e9-11df-800e-d4c54852903c	i2CAT	0
4ea47830-58e9-11df-800e-d4c54852903c	i2CAT	0
ef387e20-58eb-11df-800e-d4c54852903c	i2CAT	0
ef432c80-58eb-11df-800e-d4c54852903c	i2CAT	0
ef46aef0-58eb-11df-800e-d4c54852903c	i2CAT	0
ef49e340-58eb-11df-800e-d4c54852903c	i2CAT	0
ef4e2900-58eb-11df-800e-d4c54852903c	i2CAT	0
ef515d50-58eb-11df-800e-d4c54852903c	i2CAT	0
ef57c5f0-58eb-11df-800e-d4c54852903c	i2CAT	0
ef5b9680-58eb-11df-800e-d4c54852903c	i2CAT	0
ef5f18f0-58eb-11df-800e-d4c54852903c	i2CAT	0
ef635eb0-58eb-11df-800e-d4c54852903c	i2CAT	0
ef66ba10-58eb-11df-800e-d4c54852903c	i2CAT	0
ef6a1570-58eb-11df-800e-d4c54852903c	i2CAT	0
ef6d49c0-58eb-11df-800e-d4c54852903c	i2CAT	0
ef70a520-58eb-11df-800e-d4c54852903c	i2CAT	0
ef79a5d0-58eb-11df-800e-d4c54852903c	i2CAT	0
ef7d2840-58eb-11df-800e-d4c54852903c	i2CAT	0
ef8083a0-58eb-11df-800e-d4c54852903c	i2CAT	0
ef83b7f0-58eb-11df-800e-d4c54852903c	i2CAT	0
ef871350-58eb-11df-800e-d4c54852903c	i2CAT	0
ef8b3200-58eb-11df-800e-d4c54852903c	i2CAT	0
ef8e1830-58eb-11df-800e-d4c54852903c	i2CAT	0
ef90fe60-58eb-11df-800e-d4c54852903c	i2CAT	0
ef93e490-58eb-11df-800e-d4c54852903c	i2CAT	0
ef96cac0-58eb-11df-800e-d4c54852903c	i2CAT	0
ef9a9b50-58eb-11df-800e-d4c54852903c	i2CAT	0
f1737a00-58eb-11df-800e-d4c54852903c	i2CAT	0
f1780de0-58eb-11df-800e-d4c54852903c	i2CAT	0
f17b6940-58eb-11df-800e-d4c54852903c	i2CAT	0
f1872910-58eb-11df-800e-d4c54852903c	i2CAT	0
f1a27940-58eb-11df-800e-d4c54852903c	i2CAT	0
f1a5d4a0-58eb-11df-800e-d4c54852903c	i2CAT	0
f1aa6880-58eb-11df-800e-d4c54852903c	i2CAT	0
f1adc3e0-58eb-11df-800e-d4c54852903c	i2CAT	0
f1b14650-58eb-11df-800e-d4c54852903c	i2CAT	0
f1b4a1b0-58eb-11df-800e-d4c54852903c	i2CAT	0
f1cb8510-58eb-11df-800e-d4c54852903c	i2CAT	0
f1e06ca0-58eb-11df-800e-d4c54852903c	i2CAT	0
f1e3ef10-58eb-11df-800e-d4c54852903c	i2CAT	0
f1e74a70-58eb-11df-800e-d4c54852903c	i2CAT	0
f1eaf3f0-58eb-11df-800e-d4c54852903c	i2CAT	0
f1ee4f50-58eb-11df-800e-d4c54852903c	i2CAT	0
f1f2e330-58eb-11df-800e-d4c54852903c	i2CAT	0
f1f63e90-58eb-11df-800e-d4c54852903c	i2CAT	0
f1f972e0-58eb-11df-800e-d4c54852903c	i2CAT	0
f1fcf550-58eb-11df-800e-d4c54852903c	i2CAT	0
f20a89e0-58eb-11df-800e-d4c54852903c	i2CAT	0
f20d9720-58eb-11df-800e-d4c54852903c	i2CAT	0
f216bee0-58eb-11df-800e-d4c54852903c	i2CAT	0
f219cc20-58eb-11df-800e-d4c54852903c	i2CAT	0
f21cd960-58eb-11df-800e-d4c54852903c	i2CAT	0
f3edefe0-58eb-11df-800e-d4c54852903c	i2CAT	0
f3f0d610-58eb-11df-800e-d4c54852903c	i2CAT	0
f3f542e0-58eb-11df-800e-d4c54852903c	i2CAT	0
f3f89e40-58eb-11df-800e-d4c54852903c	i2CAT	0
f3fd0b10-58eb-11df-800e-d4c54852903c	i2CAT	0
f4006670-58eb-11df-800e-d4c54852903c	i2CAT	0
f403c1d0-58eb-11df-800e-d4c54852903c	i2CAT	0
f406f620-58eb-11df-800e-d4c54852903c	i2CAT	0
f40a2a70-58eb-11df-800e-d4c54852903c	i2CAT	0
f40e4920-58eb-11df-800e-d4c54852903c	i2CAT	0
f411cb90-58eb-11df-800e-d4c54852903c	i2CAT	0
f41526f0-58eb-11df-800e-d4c54852903c	i2CAT	0
f418d070-58eb-11df-800e-d4c54852903c	i2CAT	0
f41c52e0-58eb-11df-800e-d4c54852903c	i2CAT	0
f4202370-58eb-11df-800e-d4c54852903c	i2CAT	0
f4246930-58eb-11df-800e-d4c54852903c	i2CAT	0
f427eba0-58eb-11df-800e-d4c54852903c	i2CAT	0
f42b4700-58eb-11df-800e-d4c54852903c	i2CAT	0
f42ea260-58eb-11df-800e-d4c54852903c	i2CAT	0
f4329a00-58eb-11df-800e-d4c54852903c	i2CAT	0
f4358030-58eb-11df-800e-d4c54852903c	i2CAT	0
f43902a0-58eb-11df-800e-d4c54852903c	i2CAT	0
f43be8d0-58eb-11df-800e-d4c54852903c	i2CAT	0
f43ecf00-58eb-11df-800e-d4c54852903c	i2CAT	0
f4420350-58eb-11df-800e-d4c54852903c	i2CAT	0
f6053720-58eb-11df-800e-d4c54852903c	i2CAT	0
f609a3f0-58eb-11df-800e-d4c54852903c	i2CAT	0
f60e5ee0-58eb-11df-800e-d4c54852903c	i2CAT	0
f611e150-58eb-11df-800e-d4c54852903c	i2CAT	0
f6153cb0-58eb-11df-800e-d4c54852903c	i2CAT	0
f618bf20-58eb-11df-800e-d4c54852903c	i2CAT	0
f61c1a80-58eb-11df-800e-d4c54852903c	i2CAT	0
f6208750-58eb-11df-800e-d4c54852903c	i2CAT	0
f62409c0-58eb-11df-800e-d4c54852903c	i2CAT	0
f6276520-58eb-11df-800e-d4c54852903c	i2CAT	0
f62ac080-58eb-11df-800e-d4c54852903c	i2CAT	0
f62e42f0-58eb-11df-800e-d4c54852903c	i2CAT	0
f63261a0-58eb-11df-800e-d4c54852903c	i2CAT	0
f635bd00-58eb-11df-800e-d4c54852903c	i2CAT	0
f6391860-58eb-11df-800e-d4c54852903c	i2CAT	0
f63c73c0-58eb-11df-800e-d4c54852903c	i2CAT	0
f63fcf20-58eb-11df-800e-d4c54852903c	i2CAT	0
f64414e0-58eb-11df-800e-d4c54852903c	i2CAT	0
f6477040-58eb-11df-800e-d4c54852903c	i2CAT	0
f64acba0-58eb-11df-800e-d4c54852903c	i2CAT	0
f64e7520-58eb-11df-800e-d4c54852903c	i2CAT	0
f6515b50-58eb-11df-800e-d4c54852903c	i2CAT	0
f6544180-58eb-11df-800e-d4c54852903c	i2CAT	0
f6581210-58eb-11df-800e-d4c54852903c	i2CAT	0
f65b1f50-58eb-11df-800e-d4c54852903c	i2CAT	0
f830c9b0-58eb-11df-800e-d4c54852903c	i2CAT	0
f8347330-58eb-11df-800e-d4c54852903c	i2CAT	0
f837ce90-58eb-11df-800e-d4c54852903c	i2CAT	0
f83b9f20-58eb-11df-800e-d4c54852903c	i2CAT	0
f83fe4e0-58eb-11df-800e-d4c54852903c	i2CAT	0
f852f7b0-58eb-11df-800e-d4c54852903c	i2CAT	0
f85abfe0-58eb-11df-800e-d4c54852903c	i2CAT	0
f85e1b40-58eb-11df-800e-d4c54852903c	i2CAT	0
f8628810-58eb-11df-800e-d4c54852903c	i2CAT	0
f865e370-58eb-11df-800e-d4c54852903c	i2CAT	0
f8693ed0-58eb-11df-800e-d4c54852903c	i2CAT	0
f86c7320-58eb-11df-800e-d4c54852903c	i2CAT	0
f86fa770-58eb-11df-800e-d4c54852903c	i2CAT	0
f872dbc0-58eb-11df-800e-d4c54852903c	i2CAT	0
f8776fa0-58eb-11df-800e-d4c54852903c	i2CAT	0
f87acb00-58eb-11df-800e-d4c54852903c	i2CAT	0
f87e2660-58eb-11df-800e-d4c54852903c	i2CAT	0
f8815ab0-58eb-11df-800e-d4c54852903c	i2CAT	0
f884b610-58eb-11df-800e-d4c54852903c	i2CAT	0
f888adb0-58eb-11df-800e-d4c54852903c	i2CAT	0
f88c3020-58eb-11df-800e-d4c54852903c	i2CAT	0
f88f3d60-58eb-11df-800e-d4c54852903c	i2CAT	0
f8922390-58eb-11df-800e-d4c54852903c	i2CAT	0
f89557e0-58eb-11df-800e-d4c54852903c	i2CAT	0
f8992870-58eb-11df-800e-d4c54852903c	i2CAT	0
fac24a00-58eb-11df-800e-d4c54852903c	i2CAT	0
fac5a560-58eb-11df-800e-d4c54852903c	i2CAT	0
fac900c0-58eb-11df-800e-d4c54852903c	i2CAT	0
facc8330-58eb-11df-800e-d4c54852903c	i2CAT	0
fad02cb0-58eb-11df-800e-d4c54852903c	i2CAT	0
fad38810-58eb-11df-800e-d4c54852903c	i2CAT	0
fad7a6c0-58eb-11df-800e-d4c54852903c	i2CAT	0
fadc1390-58eb-11df-800e-d4c54852903c	i2CAT	0
fadf9600-58eb-11df-800e-d4c54852903c	i2CAT	0
fae33f80-58eb-11df-800e-d4c54852903c	i2CAT	0
fae69ae0-58eb-11df-800e-d4c54852903c	i2CAT	0
faeab990-58eb-11df-800e-d4c54852903c	i2CAT	0
faee14f0-58eb-11df-800e-d4c54852903c	i2CAT	0
faf17050-58eb-11df-800e-d4c54852903c	i2CAT	0
faf4cbb0-58eb-11df-800e-d4c54852903c	i2CAT	0
faf82710-58eb-11df-800e-d4c54852903c	i2CAT	0
fb006470-58eb-11df-800e-d4c54852903c	i2CAT	0
fb0398c0-58eb-11df-800e-d4c54852903c	i2CAT	0
fb06f420-58eb-11df-800e-d4c54852903c	i2CAT	0
fb0a4f80-58eb-11df-800e-d4c54852903c	i2CAT	0
fb0d35b0-58eb-11df-800e-d4c54852903c	i2CAT	0
fb101be0-58eb-11df-800e-d4c54852903c	i2CAT	0
fb143a90-58eb-11df-800e-d4c54852903c	i2CAT	0
fb1720c0-58eb-11df-800e-d4c54852903c	i2CAT	0
fb1a2e00-58eb-11df-800e-d4c54852903c	i2CAT	0
fce61460-58eb-11df-800e-d4c54852903c	i2CAT	0
fce8fa90-58eb-11df-800e-d4c54852903c	i2CAT	0
fcec55f0-58eb-11df-800e-d4c54852903c	i2CAT	0
fcef8a40-58eb-11df-800e-d4c54852903c	i2CAT	0
fcf2be90-58eb-11df-800e-d4c54852903c	i2CAT	0
fcf6dd40-58eb-11df-800e-d4c54852903c	i2CAT	0
fcfa38a0-58eb-11df-800e-d4c54852903c	i2CAT	0
fcfd9400-58eb-11df-800e-d4c54852903c	i2CAT	0
fd011670-58eb-11df-800e-d4c54852903c	i2CAT	0
fd0471d0-58eb-11df-800e-d4c54852903c	i2CAT	0
fd07f440-58eb-11df-800e-d4c54852903c	i2CAT	0
fd0eab00-58eb-11df-800e-d4c54852903c	i2CAT	0
fd120660-58eb-11df-800e-d4c54852903c	i2CAT	0
fd164c20-58eb-11df-800e-d4c54852903c	i2CAT	0
fd198070-58eb-11df-800e-d4c54852903c	i2CAT	0
fd1f73e0-58eb-11df-800e-d4c54852903c	i2CAT	0
fd239290-58eb-11df-800e-d4c54852903c	i2CAT	0
fd26edf0-58eb-11df-800e-d4c54852903c	i2CAT	0
fd2a7060-58eb-11df-800e-d4c54852903c	i2CAT	0
fd2da4b0-58eb-11df-800e-d4c54852903c	i2CAT	0
fd308ae0-58eb-11df-800e-d4c54852903c	i2CAT	0
fd339820-58eb-11df-800e-d4c54852903c	i2CAT	0
fd3c98d0-58eb-11df-800e-d4c54852903c	i2CAT	0
fd3f7f00-58eb-11df-800e-d4c54852903c	i2CAT	0
fd423e20-58eb-11df-800e-d4c54852903c	i2CAT	0
ff129150-58eb-11df-800e-d4c54852903c	i2CAT	0
ff163ad0-58eb-11df-800e-d4c54852903c	i2CAT	0
ff199630-58eb-11df-800e-d4c54852903c	i2CAT	0
ff1cca80-58eb-11df-800e-d4c54852903c	i2CAT	0
ff1ffed0-58eb-11df-800e-d4c54852903c	i2CAT	0
ff257d10-58eb-11df-800e-d4c54852903c	i2CAT	0
ff28b160-58eb-11df-800e-d4c54852903c	i2CAT	0
ff2c0cc0-58eb-11df-800e-d4c54852903c	i2CAT	0
ff2f4110-58eb-11df-800e-d4c54852903c	i2CAT	0
ff329c70-58eb-11df-800e-d4c54852903c	i2CAT	0
ff366d00-58eb-11df-800e-d4c54852903c	i2CAT	0
ff39c860-58eb-11df-800e-d4c54852903c	i2CAT	0
ff3d4ad0-58eb-11df-800e-d4c54852903c	i2CAT	0
ff416980-58eb-11df-800e-d4c54852903c	i2CAT	0
ff449dd0-58eb-11df-800e-d4c54852903c	i2CAT	0
ff482040-58eb-11df-800e-d4c54852903c	i2CAT	0
ff4c3ef0-58eb-11df-800e-d4c54852903c	i2CAT	0
ff4f7340-58eb-11df-800e-d4c54852903c	i2CAT	0
ff52cea0-58eb-11df-800e-d4c54852903c	i2CAT	0
ff5602f0-58eb-11df-800e-d4c54852903c	i2CAT	0
ff58e920-58eb-11df-800e-d4c54852903c	i2CAT	0
ff5ce0c0-58eb-11df-800e-d4c54852903c	i2CAT	0
ff5fc6f0-58eb-11df-800e-d4c54852903c	i2CAT	0
ff62fb40-58eb-11df-800e-d4c54852903c	i2CAT	0
ff65e170-58eb-11df-800e-d4c54852903c	i2CAT	0
012bfb70-58ec-11df-800e-d4c54852903c	i2CAT	0
0130dd70-58ec-11df-800e-d4c54852903c	i2CAT	0
013438d0-58ec-11df-800e-d4c54852903c	i2CAT	0
01380960-58ec-11df-800e-d4c54852903c	i2CAT	0
013b64c0-58ec-11df-800e-d4c54852903c	i2CAT	0
013fd190-58ec-11df-800e-d4c54852903c	i2CAT	0
01446570-58ec-11df-800e-d4c54852903c	i2CAT	0
0147c0d0-58ec-11df-800e-d4c54852903c	i2CAT	0
014b4340-58ec-11df-800e-d4c54852903c	i2CAT	0
014eecc0-58ec-11df-800e-d4c54852903c	i2CAT	0
01530b70-58ec-11df-800e-d4c54852903c	i2CAT	0
0156b4f0-58ec-11df-800e-d4c54852903c	i2CAT	0
015c8150-58ec-11df-800e-d4c54852903c	i2CAT	0
016003c0-58ec-11df-800e-d4c54852903c	i2CAT	0
01635f20-58ec-11df-800e-d4c54852903c	i2CAT	0
016708a0-58ec-11df-800e-d4c54852903c	i2CAT	0
016b9c80-58ec-11df-800e-d4c54852903c	i2CAT	0
016f4600-58ec-11df-800e-d4c54852903c	i2CAT	0
0172c870-58ec-11df-800e-d4c54852903c	i2CAT	0
017623d0-58ec-11df-800e-d4c54852903c	i2CAT	0
01793110-58ec-11df-800e-d4c54852903c	i2CAT	0
017d01a0-58ec-11df-800e-d4c54852903c	i2CAT	0
01800ee0-58ec-11df-800e-d4c54852903c	i2CAT	0
01831c20-58ec-11df-800e-d4c54852903c	i2CAT	0
01865070-58ec-11df-800e-d4c54852903c	i2CAT	0
035ee100-58ec-11df-800e-d4c54852903c	i2CAT	0
0361ee40-58ec-11df-800e-d4c54852903c	i2CAT	0
03652290-58ec-11df-800e-d4c54852903c	i2CAT	0
03687df0-58ec-11df-800e-d4c54852903c	i2CAT	0
036d5ff0-58ec-11df-800e-d4c54852903c	i2CAT	0
0371ccc0-58ec-11df-800e-d4c54852903c	i2CAT	0
03752820-58ec-11df-800e-d4c54852903c	i2CAT	0
03788380-58ec-11df-800e-d4c54852903c	i2CAT	0
037c05f0-58ec-11df-800e-d4c54852903c	i2CAT	0
037faf70-58ec-11df-800e-d4c54852903c	i2CAT	0
0383f530-58ec-11df-800e-d4c54852903c	i2CAT	0
03875090-58ec-11df-800e-d4c54852903c	i2CAT	0
038aabf0-58ec-11df-800e-d4c54852903c	i2CAT	0
038e0750-58ec-11df-800e-d4c54852903c	i2CAT	0
039189c0-58ec-11df-800e-d4c54852903c	i2CAT	0
0395a870-58ec-11df-800e-d4c54852903c	i2CAT	0
039951f0-58ec-11df-800e-d4c54852903c	i2CAT	0
039cad50-58ec-11df-800e-d4c54852903c	i2CAT	0
03a056d0-58ec-11df-800e-d4c54852903c	i2CAT	0
03a44e70-58ec-11df-800e-d4c54852903c	i2CAT	0
03a86d20-58ec-11df-800e-d4c54852903c	i2CAT	0
03ab5350-58ec-11df-800e-d4c54852903c	i2CAT	0
03ae6090-58ec-11df-800e-d4c54852903c	i2CAT	0
03b1e300-58ec-11df-800e-d4c54852903c	i2CAT	0
03b53e60-58ec-11df-800e-d4c54852903c	i2CAT	0
0586a300-58ec-11df-800e-d4c54852903c	i2CAT	0
058a2570-58ec-11df-800e-d4c54852903c	i2CAT	0
058d59c0-58ec-11df-800e-d4c54852903c	i2CAT	0
05910340-58ec-11df-800e-d4c54852903c	i2CAT	0
05954900-58ec-11df-800e-d4c54852903c	i2CAT	0
059b3c70-58ec-11df-800e-d4c54852903c	i2CAT	0
059e97d0-58ec-11df-800e-d4c54852903c	i2CAT	0
05a21a40-58ec-11df-800e-d4c54852903c	i2CAT	0
05a575a0-58ec-11df-800e-d4c54852903c	i2CAT	0
05a8d100-58ec-11df-800e-d4c54852903c	i2CAT	0
05acefb0-58ec-11df-800e-d4c54852903c	i2CAT	0
05b04b10-58ec-11df-800e-d4c54852903c	i2CAT	0
05b3cd80-58ec-11df-800e-d4c54852903c	i2CAT	0
05b74ff0-58ec-11df-800e-d4c54852903c	i2CAT	0
05baab50-58ec-11df-800e-d4c54852903c	i2CAT	0
05beca00-58ec-11df-800e-d4c54852903c	i2CAT	0
05c24c70-58ec-11df-800e-d4c54852903c	i2CAT	0
05c5cee0-58ec-11df-800e-d4c54852903c	i2CAT	0
05c92a40-58ec-11df-800e-d4c54852903c	i2CAT	0
05cc85a0-58ec-11df-800e-d4c54852903c	i2CAT	0
05d0a450-58ec-11df-800e-d4c54852903c	i2CAT	0
05d3ffb0-58ec-11df-800e-d4c54852903c	i2CAT	0
05d6bed0-58ec-11df-800e-d4c54852903c	i2CAT	0
05d9cc10-58ec-11df-800e-d4c54852903c	i2CAT	0
05dcb240-58ec-11df-800e-d4c54852903c	i2CAT	0
07a404c0-58ec-11df-800e-d4c54852903c	i2CAT	0
07a6eaf0-58ec-11df-800e-d4c54852903c	i2CAT	0
07abccf0-58ec-11df-800e-d4c54852903c	i2CAT	0
07af2850-58ec-11df-800e-d4c54852903c	i2CAT	0
07b36e10-58ec-11df-800e-d4c54852903c	i2CAT	0
07b6a260-58ec-11df-800e-d4c54852903c	i2CAT	0
07ba4be0-58ec-11df-800e-d4c54852903c	i2CAT	0
07bda740-58ec-11df-800e-d4c54852903c	i2CAT	0
07c0db90-58ec-11df-800e-d4c54852903c	i2CAT	0
07c59680-58ec-11df-800e-d4c54852903c	i2CAT	0
07c8f1e0-58ec-11df-800e-d4c54852903c	i2CAT	0
07cd37a0-58ec-11df-800e-d4c54852903c	i2CAT	0
07d0ba10-58ec-11df-800e-d4c54852903c	i2CAT	0
07d4ffd0-58ec-11df-800e-d4c54852903c	i2CAT	0
07d88240-58ec-11df-800e-d4c54852903c	i2CAT	0
07dc79e0-58ec-11df-800e-d4c54852903c	i2CAT	0
07dffc50-58ec-11df-800e-d4c54852903c	i2CAT	0
07e37ec0-58ec-11df-800e-d4c54852903c	i2CAT	0
07e860c0-58ec-11df-800e-d4c54852903c	i2CAT	0
07ebbc20-58ec-11df-800e-d4c54852903c	i2CAT	0
07ef8cb0-58ec-11df-800e-d4c54852903c	i2CAT	0
07f2e810-58ec-11df-800e-d4c54852903c	i2CAT	0
07f5f550-58ec-11df-800e-d4c54852903c	i2CAT	0
07f90290-58ec-11df-800e-d4c54852903c	i2CAT	0
07fc0fd0-58ec-11df-800e-d4c54852903c	i2CAT	0
09d03390-58ec-11df-800e-d4c54852903c	i2CAT	0
09d38ef0-58ec-11df-800e-d4c54852903c	i2CAT	0
09d6ea50-58ec-11df-800e-d4c54852903c	i2CAT	0
09da45b0-58ec-11df-800e-d4c54852903c	i2CAT	0
09de6460-58ec-11df-800e-d4c54852903c	i2CAT	0
09e1bfc0-58ec-11df-800e-d4c54852903c	i2CAT	0
09e4f410-58ec-11df-800e-d4c54852903c	i2CAT	0
09e84f70-58ec-11df-800e-d4c54852903c	i2CAT	0
09ebaad0-58ec-11df-800e-d4c54852903c	i2CAT	0
09efa270-58ec-11df-800e-d4c54852903c	i2CAT	0
09f2fdd0-58ec-11df-800e-d4c54852903c	i2CAT	0
09f63220-58ec-11df-800e-d4c54852903c	i2CAT	0
09f98d80-58ec-11df-800e-d4c54852903c	i2CAT	0
09fdfa50-58ec-11df-800e-d4c54852903c	i2CAT	0
0a017cc0-58ec-11df-800e-d4c54852903c	i2CAT	0
0a05e990-58ec-11df-800e-d4c54852903c	i2CAT	0
0a096c00-58ec-11df-800e-d4c54852903c	i2CAT	0
0a0cc760-58ec-11df-800e-d4c54852903c	i2CAT	0
0a0ffbb0-58ec-11df-800e-d4c54852903c	i2CAT	0
0a135710-58ec-11df-800e-d4c54852903c	i2CAT	0
0a170090-58ec-11df-800e-d4c54852903c	i2CAT	0
0a1a0dd0-58ec-11df-800e-d4c54852903c	i2CAT	0
0a1d1b10-58ec-11df-800e-d4c54852903c	i2CAT	0
0a202850-58ec-11df-800e-d4c54852903c	i2CAT	0
0a233590-58ec-11df-800e-d4c54852903c	i2CAT	0
8e275500-58ed-11df-800e-d4c54852903c	i2CAT	0
8e2e0bc0-58ed-11df-800e-d4c54852903c	i2CAT	0
8e364920-58ed-11df-800e-d4c54852903c	i2CAT	0
8e392f50-58ed-11df-800e-d4c54852903c	i2CAT	0
8e3bee70-58ed-11df-800e-d4c54852903c	i2CAT	0
8e3efbb0-58ed-11df-800e-d4c54852903c	i2CAT	0
8e41e1e0-58ed-11df-800e-d4c54852903c	i2CAT	0
8e44c810-58ed-11df-800e-d4c54852903c	i2CAT	0
8e49aa10-58ed-11df-800e-d4c54852903c	i2CAT	0
8e4c9040-58ed-11df-800e-d4c54852903c	i2CAT	0
8e4f7670-58ed-11df-800e-d4c54852903c	i2CAT	0
8e525ca0-58ed-11df-800e-d4c54852903c	i2CAT	0
8e551bc0-58ed-11df-800e-d4c54852903c	i2CAT	0
8e5801f0-58ed-11df-800e-d4c54852903c	i2CAT	0
a105f5a0-58ed-11df-800e-d4c54852903c	i2CAT	0
a10d96c0-58ed-11df-800e-d4c54852903c	i2CAT	0
a1111930-58ed-11df-800e-d4c54852903c	i2CAT	0
a113ff60-58ed-11df-800e-d4c54852903c	i2CAT	0
a117cff0-58ed-11df-800e-d4c54852903c	i2CAT	0
a11ab620-58ed-11df-800e-d4c54852903c	i2CAT	0
a11dc360-58ed-11df-800e-d4c54852903c	i2CAT	0
a1208280-58ed-11df-800e-d4c54852903c	i2CAT	0
a12368b0-58ed-11df-800e-d4c54852903c	i2CAT	0
a1264ee0-58ed-11df-800e-d4c54852903c	i2CAT	0
a12a6d90-58ed-11df-800e-d4c54852903c	i2CAT	0
a12d53c0-58ed-11df-800e-d4c54852903c	i2CAT	0
a13039f0-58ed-11df-800e-d4c54852903c	i2CAT	0
a1332020-58ed-11df-800e-d4c54852903c	i2CAT	0
0556d2b0-58e7-11df-800e-d4c54852903c	i2CAT	0
056c7d90-58e7-11df-800e-d4c54852903c	i2CAT	0
0570c350-58e7-11df-800e-d4c54852903c	i2CAT	0
\.


--
-- Data for Name: policies_usersallowed; Type: TABLE DATA; Schema: public; Owner: postgres
--

COPY policies_usersallowed (policy_key, users_allowed, "position") FROM stdin;
df947670-58e8-11df-800e-d4c54852903c	i2cat	0
df9a42d0-58e8-11df-800e-d4c54852903c	i2cat	0
dfa00f30-58e8-11df-800e-d4c54852903c	i2cat	0
dfa3b8b0-58e8-11df-800e-d4c54852903c	i2cat	0
dfa873a0-58e8-11df-800e-d4c54852903c	i2cat	0
dface070-58e8-11df-800e-d4c54852903c	i2cat	0
4e8de2f0-58e9-11df-800e-d4c54852903c	i2cat-user	0
4e8de2f0-58e9-11df-800e-d4c54852903c	i2cat	1
4e9472a0-58e9-11df-800e-d4c54852903c	i2cat-user	0
4e9472a0-58e9-11df-800e-d4c54852903c	i2cat	1
4e98df70-58e9-11df-800e-d4c54852903c	i2cat-user	0
4e98df70-58e9-11df-800e-d4c54852903c	i2cat	1
4e9d9a60-58e9-11df-800e-d4c54852903c	i2cat-user	0
4e9d9a60-58e9-11df-800e-d4c54852903c	i2cat	1
4ea11cd0-58e9-11df-800e-d4c54852903c	i2cat-user	0
4ea11cd0-58e9-11df-800e-d4c54852903c	i2cat	1
4ea47830-58e9-11df-800e-d4c54852903c	i2cat-user	0
4ea47830-58e9-11df-800e-d4c54852903c	i2cat	1
ef387e20-58eb-11df-800e-d4c54852903c	i2cat	0
ef432c80-58eb-11df-800e-d4c54852903c	i2cat	0
ef46aef0-58eb-11df-800e-d4c54852903c	i2cat	0
ef49e340-58eb-11df-800e-d4c54852903c	i2cat	0
ef4e2900-58eb-11df-800e-d4c54852903c	i2cat	0
ef515d50-58eb-11df-800e-d4c54852903c	i2cat	0
ef57c5f0-58eb-11df-800e-d4c54852903c	i2cat	0
ef5b9680-58eb-11df-800e-d4c54852903c	i2cat	0
ef5f18f0-58eb-11df-800e-d4c54852903c	i2cat	0
ef635eb0-58eb-11df-800e-d4c54852903c	i2cat	0
ef66ba10-58eb-11df-800e-d4c54852903c	i2cat	0
ef6a1570-58eb-11df-800e-d4c54852903c	i2cat	0
ef6d49c0-58eb-11df-800e-d4c54852903c	i2cat	0
ef70a520-58eb-11df-800e-d4c54852903c	i2cat	0
ef79a5d0-58eb-11df-800e-d4c54852903c	i2cat	0
ef7d2840-58eb-11df-800e-d4c54852903c	i2cat	0
ef8083a0-58eb-11df-800e-d4c54852903c	i2cat	0
ef83b7f0-58eb-11df-800e-d4c54852903c	i2cat	0
ef871350-58eb-11df-800e-d4c54852903c	i2cat	0
ef8b3200-58eb-11df-800e-d4c54852903c	i2cat	0
ef8e1830-58eb-11df-800e-d4c54852903c	i2cat	0
ef90fe60-58eb-11df-800e-d4c54852903c	i2cat	0
ef93e490-58eb-11df-800e-d4c54852903c	i2cat	0
ef96cac0-58eb-11df-800e-d4c54852903c	i2cat	0
ef9a9b50-58eb-11df-800e-d4c54852903c	i2cat	0
f1737a00-58eb-11df-800e-d4c54852903c	i2cat	0
f1780de0-58eb-11df-800e-d4c54852903c	i2cat	0
f17b6940-58eb-11df-800e-d4c54852903c	i2cat	0
f1872910-58eb-11df-800e-d4c54852903c	i2cat	0
f1a27940-58eb-11df-800e-d4c54852903c	i2cat	0
f1a5d4a0-58eb-11df-800e-d4c54852903c	i2cat	0
f1aa6880-58eb-11df-800e-d4c54852903c	i2cat	0
f1adc3e0-58eb-11df-800e-d4c54852903c	i2cat	0
f1b14650-58eb-11df-800e-d4c54852903c	i2cat	0
f1b4a1b0-58eb-11df-800e-d4c54852903c	i2cat	0
f1cb8510-58eb-11df-800e-d4c54852903c	i2cat	0
f1e06ca0-58eb-11df-800e-d4c54852903c	i2cat	0
f1e3ef10-58eb-11df-800e-d4c54852903c	i2cat	0
f1e74a70-58eb-11df-800e-d4c54852903c	i2cat	0
f1eaf3f0-58eb-11df-800e-d4c54852903c	i2cat	0
f1ee4f50-58eb-11df-800e-d4c54852903c	i2cat	0
f1f2e330-58eb-11df-800e-d4c54852903c	i2cat	0
f1f63e90-58eb-11df-800e-d4c54852903c	i2cat	0
f1f972e0-58eb-11df-800e-d4c54852903c	i2cat	0
f1fcf550-58eb-11df-800e-d4c54852903c	i2cat	0
f20a89e0-58eb-11df-800e-d4c54852903c	i2cat	0
f20d9720-58eb-11df-800e-d4c54852903c	i2cat	0
f216bee0-58eb-11df-800e-d4c54852903c	i2cat	0
f219cc20-58eb-11df-800e-d4c54852903c	i2cat	0
f21cd960-58eb-11df-800e-d4c54852903c	i2cat	0
f3edefe0-58eb-11df-800e-d4c54852903c	i2cat	0
f3f0d610-58eb-11df-800e-d4c54852903c	i2cat	0
f3f542e0-58eb-11df-800e-d4c54852903c	i2cat	0
f3f89e40-58eb-11df-800e-d4c54852903c	i2cat	0
f3fd0b10-58eb-11df-800e-d4c54852903c	i2cat	0
f4006670-58eb-11df-800e-d4c54852903c	i2cat	0
f403c1d0-58eb-11df-800e-d4c54852903c	i2cat	0
f406f620-58eb-11df-800e-d4c54852903c	i2cat	0
f40a2a70-58eb-11df-800e-d4c54852903c	i2cat	0
f40e4920-58eb-11df-800e-d4c54852903c	i2cat	0
f411cb90-58eb-11df-800e-d4c54852903c	i2cat	0
f41526f0-58eb-11df-800e-d4c54852903c	i2cat	0
f418d070-58eb-11df-800e-d4c54852903c	i2cat	0
f41c52e0-58eb-11df-800e-d4c54852903c	i2cat	0
f4202370-58eb-11df-800e-d4c54852903c	i2cat	0
f4246930-58eb-11df-800e-d4c54852903c	i2cat	0
f427eba0-58eb-11df-800e-d4c54852903c	i2cat	0
f42b4700-58eb-11df-800e-d4c54852903c	i2cat	0
f42ea260-58eb-11df-800e-d4c54852903c	i2cat	0
f4329a00-58eb-11df-800e-d4c54852903c	i2cat	0
f4358030-58eb-11df-800e-d4c54852903c	i2cat	0
f43902a0-58eb-11df-800e-d4c54852903c	i2cat	0
f43be8d0-58eb-11df-800e-d4c54852903c	i2cat	0
f43ecf00-58eb-11df-800e-d4c54852903c	i2cat	0
f4420350-58eb-11df-800e-d4c54852903c	i2cat	0
f6053720-58eb-11df-800e-d4c54852903c	i2cat	0
f609a3f0-58eb-11df-800e-d4c54852903c	i2cat	0
f60e5ee0-58eb-11df-800e-d4c54852903c	i2cat	0
f611e150-58eb-11df-800e-d4c54852903c	i2cat	0
f6153cb0-58eb-11df-800e-d4c54852903c	i2cat	0
f618bf20-58eb-11df-800e-d4c54852903c	i2cat	0
f61c1a80-58eb-11df-800e-d4c54852903c	i2cat	0
f6208750-58eb-11df-800e-d4c54852903c	i2cat	0
f62409c0-58eb-11df-800e-d4c54852903c	i2cat	0
f6276520-58eb-11df-800e-d4c54852903c	i2cat	0
f62ac080-58eb-11df-800e-d4c54852903c	i2cat	0
f62e42f0-58eb-11df-800e-d4c54852903c	i2cat	0
f63261a0-58eb-11df-800e-d4c54852903c	i2cat	0
f635bd00-58eb-11df-800e-d4c54852903c	i2cat	0
f6391860-58eb-11df-800e-d4c54852903c	i2cat	0
f63c73c0-58eb-11df-800e-d4c54852903c	i2cat	0
f63fcf20-58eb-11df-800e-d4c54852903c	i2cat	0
f64414e0-58eb-11df-800e-d4c54852903c	i2cat	0
f6477040-58eb-11df-800e-d4c54852903c	i2cat	0
f64acba0-58eb-11df-800e-d4c54852903c	i2cat	0
f64e7520-58eb-11df-800e-d4c54852903c	i2cat	0
f6515b50-58eb-11df-800e-d4c54852903c	i2cat	0
f6544180-58eb-11df-800e-d4c54852903c	i2cat	0
f6581210-58eb-11df-800e-d4c54852903c	i2cat	0
f65b1f50-58eb-11df-800e-d4c54852903c	i2cat	0
f830c9b0-58eb-11df-800e-d4c54852903c	i2cat	0
f8347330-58eb-11df-800e-d4c54852903c	i2cat	0
f837ce90-58eb-11df-800e-d4c54852903c	i2cat	0
f83b9f20-58eb-11df-800e-d4c54852903c	i2cat	0
f83fe4e0-58eb-11df-800e-d4c54852903c	i2cat	0
f852f7b0-58eb-11df-800e-d4c54852903c	i2cat	0
f85abfe0-58eb-11df-800e-d4c54852903c	i2cat	0
f85e1b40-58eb-11df-800e-d4c54852903c	i2cat	0
f8628810-58eb-11df-800e-d4c54852903c	i2cat	0
f865e370-58eb-11df-800e-d4c54852903c	i2cat	0
f8693ed0-58eb-11df-800e-d4c54852903c	i2cat	0
f86c7320-58eb-11df-800e-d4c54852903c	i2cat	0
f86fa770-58eb-11df-800e-d4c54852903c	i2cat	0
f872dbc0-58eb-11df-800e-d4c54852903c	i2cat	0
f8776fa0-58eb-11df-800e-d4c54852903c	i2cat	0
f87acb00-58eb-11df-800e-d4c54852903c	i2cat	0
f87e2660-58eb-11df-800e-d4c54852903c	i2cat	0
f8815ab0-58eb-11df-800e-d4c54852903c	i2cat	0
f884b610-58eb-11df-800e-d4c54852903c	i2cat	0
f888adb0-58eb-11df-800e-d4c54852903c	i2cat	0
f88c3020-58eb-11df-800e-d4c54852903c	i2cat	0
f88f3d60-58eb-11df-800e-d4c54852903c	i2cat	0
f8922390-58eb-11df-800e-d4c54852903c	i2cat	0
f89557e0-58eb-11df-800e-d4c54852903c	i2cat	0
f8992870-58eb-11df-800e-d4c54852903c	i2cat	0
fac24a00-58eb-11df-800e-d4c54852903c	i2cat	0
fac5a560-58eb-11df-800e-d4c54852903c	i2cat	0
fac900c0-58eb-11df-800e-d4c54852903c	i2cat	0
facc8330-58eb-11df-800e-d4c54852903c	i2cat	0
fad02cb0-58eb-11df-800e-d4c54852903c	i2cat	0
fad38810-58eb-11df-800e-d4c54852903c	i2cat	0
fad7a6c0-58eb-11df-800e-d4c54852903c	i2cat	0
fadc1390-58eb-11df-800e-d4c54852903c	i2cat	0
fadf9600-58eb-11df-800e-d4c54852903c	i2cat	0
fae33f80-58eb-11df-800e-d4c54852903c	i2cat	0
fae69ae0-58eb-11df-800e-d4c54852903c	i2cat	0
faeab990-58eb-11df-800e-d4c54852903c	i2cat	0
faee14f0-58eb-11df-800e-d4c54852903c	i2cat	0
faf17050-58eb-11df-800e-d4c54852903c	i2cat	0
faf4cbb0-58eb-11df-800e-d4c54852903c	i2cat	0
faf82710-58eb-11df-800e-d4c54852903c	i2cat	0
fb006470-58eb-11df-800e-d4c54852903c	i2cat	0
fb0398c0-58eb-11df-800e-d4c54852903c	i2cat	0
fb06f420-58eb-11df-800e-d4c54852903c	i2cat	0
fb0a4f80-58eb-11df-800e-d4c54852903c	i2cat	0
fb0d35b0-58eb-11df-800e-d4c54852903c	i2cat	0
fb101be0-58eb-11df-800e-d4c54852903c	i2cat	0
fb143a90-58eb-11df-800e-d4c54852903c	i2cat	0
fb1720c0-58eb-11df-800e-d4c54852903c	i2cat	0
fb1a2e00-58eb-11df-800e-d4c54852903c	i2cat	0
fce61460-58eb-11df-800e-d4c54852903c	i2cat	0
fce8fa90-58eb-11df-800e-d4c54852903c	i2cat	0
fcec55f0-58eb-11df-800e-d4c54852903c	i2cat	0
fcef8a40-58eb-11df-800e-d4c54852903c	i2cat	0
fcf2be90-58eb-11df-800e-d4c54852903c	i2cat	0
fcf6dd40-58eb-11df-800e-d4c54852903c	i2cat	0
fcfa38a0-58eb-11df-800e-d4c54852903c	i2cat	0
fcfd9400-58eb-11df-800e-d4c54852903c	i2cat	0
fd011670-58eb-11df-800e-d4c54852903c	i2cat	0
fd0471d0-58eb-11df-800e-d4c54852903c	i2cat	0
fd07f440-58eb-11df-800e-d4c54852903c	i2cat	0
fd0eab00-58eb-11df-800e-d4c54852903c	i2cat	0
fd120660-58eb-11df-800e-d4c54852903c	i2cat	0
fd164c20-58eb-11df-800e-d4c54852903c	i2cat	0
fd198070-58eb-11df-800e-d4c54852903c	i2cat	0
fd1f73e0-58eb-11df-800e-d4c54852903c	i2cat	0
fd239290-58eb-11df-800e-d4c54852903c	i2cat	0
fd26edf0-58eb-11df-800e-d4c54852903c	i2cat	0
fd2a7060-58eb-11df-800e-d4c54852903c	i2cat	0
fd2da4b0-58eb-11df-800e-d4c54852903c	i2cat	0
fd308ae0-58eb-11df-800e-d4c54852903c	i2cat	0
fd339820-58eb-11df-800e-d4c54852903c	i2cat	0
fd3c98d0-58eb-11df-800e-d4c54852903c	i2cat	0
fd3f7f00-58eb-11df-800e-d4c54852903c	i2cat	0
fd423e20-58eb-11df-800e-d4c54852903c	i2cat	0
ff129150-58eb-11df-800e-d4c54852903c	i2cat	0
ff163ad0-58eb-11df-800e-d4c54852903c	i2cat	0
ff199630-58eb-11df-800e-d4c54852903c	i2cat	0
ff1cca80-58eb-11df-800e-d4c54852903c	i2cat	0
ff1ffed0-58eb-11df-800e-d4c54852903c	i2cat	0
ff257d10-58eb-11df-800e-d4c54852903c	i2cat	0
ff28b160-58eb-11df-800e-d4c54852903c	i2cat	0
ff2c0cc0-58eb-11df-800e-d4c54852903c	i2cat	0
ff2f4110-58eb-11df-800e-d4c54852903c	i2cat	0
ff329c70-58eb-11df-800e-d4c54852903c	i2cat	0
ff366d00-58eb-11df-800e-d4c54852903c	i2cat	0
ff39c860-58eb-11df-800e-d4c54852903c	i2cat	0
ff3d4ad0-58eb-11df-800e-d4c54852903c	i2cat	0
ff416980-58eb-11df-800e-d4c54852903c	i2cat	0
ff449dd0-58eb-11df-800e-d4c54852903c	i2cat	0
ff482040-58eb-11df-800e-d4c54852903c	i2cat	0
ff4c3ef0-58eb-11df-800e-d4c54852903c	i2cat	0
ff4f7340-58eb-11df-800e-d4c54852903c	i2cat	0
ff52cea0-58eb-11df-800e-d4c54852903c	i2cat	0
ff5602f0-58eb-11df-800e-d4c54852903c	i2cat	0
ff58e920-58eb-11df-800e-d4c54852903c	i2cat	0
ff5ce0c0-58eb-11df-800e-d4c54852903c	i2cat	0
ff5fc6f0-58eb-11df-800e-d4c54852903c	i2cat	0
ff62fb40-58eb-11df-800e-d4c54852903c	i2cat	0
ff65e170-58eb-11df-800e-d4c54852903c	i2cat	0
012bfb70-58ec-11df-800e-d4c54852903c	i2cat	0
0130dd70-58ec-11df-800e-d4c54852903c	i2cat	0
013438d0-58ec-11df-800e-d4c54852903c	i2cat	0
01380960-58ec-11df-800e-d4c54852903c	i2cat	0
013b64c0-58ec-11df-800e-d4c54852903c	i2cat	0
013fd190-58ec-11df-800e-d4c54852903c	i2cat	0
01446570-58ec-11df-800e-d4c54852903c	i2cat	0
0147c0d0-58ec-11df-800e-d4c54852903c	i2cat	0
014b4340-58ec-11df-800e-d4c54852903c	i2cat	0
014eecc0-58ec-11df-800e-d4c54852903c	i2cat	0
01530b70-58ec-11df-800e-d4c54852903c	i2cat	0
0156b4f0-58ec-11df-800e-d4c54852903c	i2cat	0
015c8150-58ec-11df-800e-d4c54852903c	i2cat	0
016003c0-58ec-11df-800e-d4c54852903c	i2cat	0
01635f20-58ec-11df-800e-d4c54852903c	i2cat	0
016708a0-58ec-11df-800e-d4c54852903c	i2cat	0
016b9c80-58ec-11df-800e-d4c54852903c	i2cat	0
016f4600-58ec-11df-800e-d4c54852903c	i2cat	0
0172c870-58ec-11df-800e-d4c54852903c	i2cat	0
017623d0-58ec-11df-800e-d4c54852903c	i2cat	0
01793110-58ec-11df-800e-d4c54852903c	i2cat	0
017d01a0-58ec-11df-800e-d4c54852903c	i2cat	0
01800ee0-58ec-11df-800e-d4c54852903c	i2cat	0
01831c20-58ec-11df-800e-d4c54852903c	i2cat	0
01865070-58ec-11df-800e-d4c54852903c	i2cat	0
035ee100-58ec-11df-800e-d4c54852903c	i2cat	0
0361ee40-58ec-11df-800e-d4c54852903c	i2cat	0
03652290-58ec-11df-800e-d4c54852903c	i2cat	0
03687df0-58ec-11df-800e-d4c54852903c	i2cat	0
036d5ff0-58ec-11df-800e-d4c54852903c	i2cat	0
0371ccc0-58ec-11df-800e-d4c54852903c	i2cat	0
03752820-58ec-11df-800e-d4c54852903c	i2cat	0
03788380-58ec-11df-800e-d4c54852903c	i2cat	0
037c05f0-58ec-11df-800e-d4c54852903c	i2cat	0
037faf70-58ec-11df-800e-d4c54852903c	i2cat	0
0383f530-58ec-11df-800e-d4c54852903c	i2cat	0
03875090-58ec-11df-800e-d4c54852903c	i2cat	0
038aabf0-58ec-11df-800e-d4c54852903c	i2cat	0
038e0750-58ec-11df-800e-d4c54852903c	i2cat	0
039189c0-58ec-11df-800e-d4c54852903c	i2cat	0
0395a870-58ec-11df-800e-d4c54852903c	i2cat	0
039951f0-58ec-11df-800e-d4c54852903c	i2cat	0
039cad50-58ec-11df-800e-d4c54852903c	i2cat	0
03a056d0-58ec-11df-800e-d4c54852903c	i2cat	0
03a44e70-58ec-11df-800e-d4c54852903c	i2cat	0
03a86d20-58ec-11df-800e-d4c54852903c	i2cat	0
03ab5350-58ec-11df-800e-d4c54852903c	i2cat	0
03ae6090-58ec-11df-800e-d4c54852903c	i2cat	0
03b1e300-58ec-11df-800e-d4c54852903c	i2cat	0
03b53e60-58ec-11df-800e-d4c54852903c	i2cat	0
0586a300-58ec-11df-800e-d4c54852903c	i2cat	0
058a2570-58ec-11df-800e-d4c54852903c	i2cat	0
058d59c0-58ec-11df-800e-d4c54852903c	i2cat	0
05910340-58ec-11df-800e-d4c54852903c	i2cat	0
05954900-58ec-11df-800e-d4c54852903c	i2cat	0
059b3c70-58ec-11df-800e-d4c54852903c	i2cat	0
059e97d0-58ec-11df-800e-d4c54852903c	i2cat	0
05a21a40-58ec-11df-800e-d4c54852903c	i2cat	0
05a575a0-58ec-11df-800e-d4c54852903c	i2cat	0
05a8d100-58ec-11df-800e-d4c54852903c	i2cat	0
05acefb0-58ec-11df-800e-d4c54852903c	i2cat	0
05b04b10-58ec-11df-800e-d4c54852903c	i2cat	0
05b3cd80-58ec-11df-800e-d4c54852903c	i2cat	0
05b74ff0-58ec-11df-800e-d4c54852903c	i2cat	0
05baab50-58ec-11df-800e-d4c54852903c	i2cat	0
05beca00-58ec-11df-800e-d4c54852903c	i2cat	0
05c24c70-58ec-11df-800e-d4c54852903c	i2cat	0
05c5cee0-58ec-11df-800e-d4c54852903c	i2cat	0
05c92a40-58ec-11df-800e-d4c54852903c	i2cat	0
05cc85a0-58ec-11df-800e-d4c54852903c	i2cat	0
05d0a450-58ec-11df-800e-d4c54852903c	i2cat	0
05d3ffb0-58ec-11df-800e-d4c54852903c	i2cat	0
05d6bed0-58ec-11df-800e-d4c54852903c	i2cat	0
05d9cc10-58ec-11df-800e-d4c54852903c	i2cat	0
05dcb240-58ec-11df-800e-d4c54852903c	i2cat	0
07a404c0-58ec-11df-800e-d4c54852903c	i2cat	0
07a6eaf0-58ec-11df-800e-d4c54852903c	i2cat	0
07abccf0-58ec-11df-800e-d4c54852903c	i2cat	0
07af2850-58ec-11df-800e-d4c54852903c	i2cat	0
07b36e10-58ec-11df-800e-d4c54852903c	i2cat	0
07b6a260-58ec-11df-800e-d4c54852903c	i2cat	0
07ba4be0-58ec-11df-800e-d4c54852903c	i2cat	0
07bda740-58ec-11df-800e-d4c54852903c	i2cat	0
07c0db90-58ec-11df-800e-d4c54852903c	i2cat	0
07c59680-58ec-11df-800e-d4c54852903c	i2cat	0
07c8f1e0-58ec-11df-800e-d4c54852903c	i2cat	0
07cd37a0-58ec-11df-800e-d4c54852903c	i2cat	0
07d0ba10-58ec-11df-800e-d4c54852903c	i2cat	0
07d4ffd0-58ec-11df-800e-d4c54852903c	i2cat	0
07d88240-58ec-11df-800e-d4c54852903c	i2cat	0
07dc79e0-58ec-11df-800e-d4c54852903c	i2cat	0
07dffc50-58ec-11df-800e-d4c54852903c	i2cat	0
07e37ec0-58ec-11df-800e-d4c54852903c	i2cat	0
07e860c0-58ec-11df-800e-d4c54852903c	i2cat	0
07ebbc20-58ec-11df-800e-d4c54852903c	i2cat	0
07ef8cb0-58ec-11df-800e-d4c54852903c	i2cat	0
07f2e810-58ec-11df-800e-d4c54852903c	i2cat	0
07f5f550-58ec-11df-800e-d4c54852903c	i2cat	0
07f90290-58ec-11df-800e-d4c54852903c	i2cat	0
07fc0fd0-58ec-11df-800e-d4c54852903c	i2cat	0
09d03390-58ec-11df-800e-d4c54852903c	i2cat	0
09d38ef0-58ec-11df-800e-d4c54852903c	i2cat	0
09d6ea50-58ec-11df-800e-d4c54852903c	i2cat	0
09da45b0-58ec-11df-800e-d4c54852903c	i2cat	0
09de6460-58ec-11df-800e-d4c54852903c	i2cat	0
09e1bfc0-58ec-11df-800e-d4c54852903c	i2cat	0
09e4f410-58ec-11df-800e-d4c54852903c	i2cat	0
09e84f70-58ec-11df-800e-d4c54852903c	i2cat	0
09ebaad0-58ec-11df-800e-d4c54852903c	i2cat	0
09efa270-58ec-11df-800e-d4c54852903c	i2cat	0
09f2fdd0-58ec-11df-800e-d4c54852903c	i2cat	0
09f63220-58ec-11df-800e-d4c54852903c	i2cat	0
09f98d80-58ec-11df-800e-d4c54852903c	i2cat	0
09fdfa50-58ec-11df-800e-d4c54852903c	i2cat	0
0a017cc0-58ec-11df-800e-d4c54852903c	i2cat	0
0a05e990-58ec-11df-800e-d4c54852903c	i2cat	0
0a096c00-58ec-11df-800e-d4c54852903c	i2cat	0
0a0cc760-58ec-11df-800e-d4c54852903c	i2cat	0
0a0ffbb0-58ec-11df-800e-d4c54852903c	i2cat	0
0a135710-58ec-11df-800e-d4c54852903c	i2cat	0
0a170090-58ec-11df-800e-d4c54852903c	i2cat	0
0a1a0dd0-58ec-11df-800e-d4c54852903c	i2cat	0
0a1d1b10-58ec-11df-800e-d4c54852903c	i2cat	0
0a202850-58ec-11df-800e-d4c54852903c	i2cat	0
0a233590-58ec-11df-800e-d4c54852903c	i2cat	0
8e275500-58ed-11df-800e-d4c54852903c	i2cat	0
8e2e0bc0-58ed-11df-800e-d4c54852903c	i2cat	0
8e364920-58ed-11df-800e-d4c54852903c	i2cat	0
8e392f50-58ed-11df-800e-d4c54852903c	i2cat	0
8e3bee70-58ed-11df-800e-d4c54852903c	i2cat	0
8e3efbb0-58ed-11df-800e-d4c54852903c	i2cat	0
8e41e1e0-58ed-11df-800e-d4c54852903c	i2cat	0
8e44c810-58ed-11df-800e-d4c54852903c	i2cat	0
8e49aa10-58ed-11df-800e-d4c54852903c	i2cat	0
8e4c9040-58ed-11df-800e-d4c54852903c	i2cat	0
8e4f7670-58ed-11df-800e-d4c54852903c	i2cat	0
8e525ca0-58ed-11df-800e-d4c54852903c	i2cat	0
8e551bc0-58ed-11df-800e-d4c54852903c	i2cat	0
8e5801f0-58ed-11df-800e-d4c54852903c	i2cat	0
a105f5a0-58ed-11df-800e-d4c54852903c	i2cat	0
a10d96c0-58ed-11df-800e-d4c54852903c	i2cat	0
a1111930-58ed-11df-800e-d4c54852903c	i2cat	0
a113ff60-58ed-11df-800e-d4c54852903c	i2cat	0
a117cff0-58ed-11df-800e-d4c54852903c	i2cat	0
a11ab620-58ed-11df-800e-d4c54852903c	i2cat	0
a11dc360-58ed-11df-800e-d4c54852903c	i2cat	0
a1208280-58ed-11df-800e-d4c54852903c	i2cat	0
a12368b0-58ed-11df-800e-d4c54852903c	i2cat	0
a1264ee0-58ed-11df-800e-d4c54852903c	i2cat	0
a12a6d90-58ed-11df-800e-d4c54852903c	i2cat	0
a12d53c0-58ed-11df-800e-d4c54852903c	i2cat	0
a13039f0-58ed-11df-800e-d4c54852903c	i2cat	0
a1332020-58ed-11df-800e-d4c54852903c	i2cat	0
0556d2b0-58e7-11df-800e-d4c54852903c		0
056c7d90-58e7-11df-800e-d4c54852903c		0
0570c350-58e7-11df-800e-d4c54852903c		0
\.


--
-- Data for Name: policy; Type: TABLE DATA; Schema: public; Owner: postgres
--

COPY policy (policy_key, operation, resource_key) FROM stdin;
0556d2b0-58e7-11df-800e-d4c54852903c	create:userManagement	
056c7d90-58e7-11df-800e-d4c54852903c	create:router	
0570c350-58e7-11df-800e-d4c54852903c	create:ipnetwork	
df947670-58e8-11df-800e-d4c54852903c	modify:userManagement	de523270-58e8-11df-800e-d4c54852903c
df9a42d0-58e8-11df-800e-d4c54852903c	destroy:userManagement	de523270-58e8-11df-800e-d4c54852903c
dfa00f30-58e8-11df-800e-d4c54852903c	find:userManagement	de523270-58e8-11df-800e-d4c54852903c
dfa3b8b0-58e8-11df-800e-d4c54852903c	getUsers:userManagement	de523270-58e8-11df-800e-d4c54852903c
dfa873a0-58e8-11df-800e-d4c54852903c	getMultipleResourceProperties:userManagement	de523270-58e8-11df-800e-d4c54852903c
dface070-58e8-11df-800e-d4c54852903c	setPolicies:policies	de523270-58e8-11df-800e-d4c54852903c
4e8de2f0-58e9-11df-800e-d4c54852903c	modify:userManagement	4d8dff20-58e9-11df-800e-d4c54852903c
4e9472a0-58e9-11df-800e-d4c54852903c	destroy:userManagement	4d8dff20-58e9-11df-800e-d4c54852903c
4e98df70-58e9-11df-800e-d4c54852903c	find:userManagement	4d8dff20-58e9-11df-800e-d4c54852903c
4e9d9a60-58e9-11df-800e-d4c54852903c	getUsers:userManagement	4d8dff20-58e9-11df-800e-d4c54852903c
4ea11cd0-58e9-11df-800e-d4c54852903c	getMultipleResourceProperties:userManagement	4d8dff20-58e9-11df-800e-d4c54852903c
4ea47830-58e9-11df-800e-d4c54852903c	setPolicies:policies	4d8dff20-58e9-11df-800e-d4c54852903c
ef387e20-58eb-11df-800e-d4c54852903c	createNewRouterInstance:router	ecbc81a0-58eb-11df-800e-d4c54852903c
ef432c80-58eb-11df-800e-d4c54852903c	setPollingPeriod:router	ecbc81a0-58eb-11df-800e-d4c54852903c
ef46aef0-58eb-11df-800e-d4c54852903c	invoke:router	ecbc81a0-58eb-11df-800e-d4c54852903c
ef49e340-58eb-11df-800e-d4c54852903c	invoke:router	ecbc81a0-58eb-11df-800e-d4c54852903c
ef4e2900-58eb-11df-800e-d4c54852903c	invoke:router	ecbc81a0-58eb-11df-800e-d4c54852903c
ef515d50-58eb-11df-800e-d4c54852903c	invoke:router	ecbc81a0-58eb-11df-800e-d4c54852903c
ef57c5f0-58eb-11df-800e-d4c54852903c	invoke:router	ecbc81a0-58eb-11df-800e-d4c54852903c
ef5b9680-58eb-11df-800e-d4c54852903c	invoke:router	ecbc81a0-58eb-11df-800e-d4c54852903c
ef5f18f0-58eb-11df-800e-d4c54852903c	invoke:router	ecbc81a0-58eb-11df-800e-d4c54852903c
ef635eb0-58eb-11df-800e-d4c54852903c	invoke:router	ecbc81a0-58eb-11df-800e-d4c54852903c
ef66ba10-58eb-11df-800e-d4c54852903c	invoke:router	ecbc81a0-58eb-11df-800e-d4c54852903c
ef6a1570-58eb-11df-800e-d4c54852903c	invoke:router	ecbc81a0-58eb-11df-800e-d4c54852903c
ef6d49c0-58eb-11df-800e-d4c54852903c	invoke:router	ecbc81a0-58eb-11df-800e-d4c54852903c
ef70a520-58eb-11df-800e-d4c54852903c	invoke:router	ecbc81a0-58eb-11df-800e-d4c54852903c
ef79a5d0-58eb-11df-800e-d4c54852903c	invoke:router	ecbc81a0-58eb-11df-800e-d4c54852903c
ef7d2840-58eb-11df-800e-d4c54852903c	invoke:router	ecbc81a0-58eb-11df-800e-d4c54852903c
ef8083a0-58eb-11df-800e-d4c54852903c	invoke:router	ecbc81a0-58eb-11df-800e-d4c54852903c
ef83b7f0-58eb-11df-800e-d4c54852903c	invoke:router	ecbc81a0-58eb-11df-800e-d4c54852903c
ef871350-58eb-11df-800e-d4c54852903c	invoke:router	ecbc81a0-58eb-11df-800e-d4c54852903c
ef8b3200-58eb-11df-800e-d4c54852903c	invoke:router	ecbc81a0-58eb-11df-800e-d4c54852903c
ef8e1830-58eb-11df-800e-d4c54852903c	destroy:router	ecbc81a0-58eb-11df-800e-d4c54852903c
ef90fe60-58eb-11df-800e-d4c54852903c	getMultipleResourceProperties:router	ecbc81a0-58eb-11df-800e-d4c54852903c
ef93e490-58eb-11df-800e-d4c54852903c	modify:router	ecbc81a0-58eb-11df-800e-d4c54852903c
ef96cac0-58eb-11df-800e-d4c54852903c	getRouters:router	ecbc81a0-58eb-11df-800e-d4c54852903c
ef9a9b50-58eb-11df-800e-d4c54852903c	setPolicies:policies	ecbc81a0-58eb-11df-800e-d4c54852903c
f1737a00-58eb-11df-800e-d4c54852903c	createNewRouterInstance:router	efa5bee0-58eb-11df-800e-d4c54852903c
f1780de0-58eb-11df-800e-d4c54852903c	setPollingPeriod:router	efa5bee0-58eb-11df-800e-d4c54852903c
f17b6940-58eb-11df-800e-d4c54852903c	invoke:router	efa5bee0-58eb-11df-800e-d4c54852903c
f1872910-58eb-11df-800e-d4c54852903c	invoke:router	efa5bee0-58eb-11df-800e-d4c54852903c
f1a27940-58eb-11df-800e-d4c54852903c	invoke:router	efa5bee0-58eb-11df-800e-d4c54852903c
f1a5d4a0-58eb-11df-800e-d4c54852903c	invoke:router	efa5bee0-58eb-11df-800e-d4c54852903c
f1aa6880-58eb-11df-800e-d4c54852903c	invoke:router	efa5bee0-58eb-11df-800e-d4c54852903c
f1adc3e0-58eb-11df-800e-d4c54852903c	invoke:router	efa5bee0-58eb-11df-800e-d4c54852903c
f1b14650-58eb-11df-800e-d4c54852903c	invoke:router	efa5bee0-58eb-11df-800e-d4c54852903c
f1b4a1b0-58eb-11df-800e-d4c54852903c	invoke:router	efa5bee0-58eb-11df-800e-d4c54852903c
f1cb8510-58eb-11df-800e-d4c54852903c	invoke:router	efa5bee0-58eb-11df-800e-d4c54852903c
f1e06ca0-58eb-11df-800e-d4c54852903c	invoke:router	efa5bee0-58eb-11df-800e-d4c54852903c
f1e3ef10-58eb-11df-800e-d4c54852903c	invoke:router	efa5bee0-58eb-11df-800e-d4c54852903c
f1e74a70-58eb-11df-800e-d4c54852903c	invoke:router	efa5bee0-58eb-11df-800e-d4c54852903c
f1eaf3f0-58eb-11df-800e-d4c54852903c	invoke:router	efa5bee0-58eb-11df-800e-d4c54852903c
f1ee4f50-58eb-11df-800e-d4c54852903c	invoke:router	efa5bee0-58eb-11df-800e-d4c54852903c
f1f2e330-58eb-11df-800e-d4c54852903c	invoke:router	efa5bee0-58eb-11df-800e-d4c54852903c
f1f63e90-58eb-11df-800e-d4c54852903c	invoke:router	efa5bee0-58eb-11df-800e-d4c54852903c
f1f972e0-58eb-11df-800e-d4c54852903c	invoke:router	efa5bee0-58eb-11df-800e-d4c54852903c
f1fcf550-58eb-11df-800e-d4c54852903c	invoke:router	efa5bee0-58eb-11df-800e-d4c54852903c
f20a89e0-58eb-11df-800e-d4c54852903c	destroy:router	efa5bee0-58eb-11df-800e-d4c54852903c
f20d9720-58eb-11df-800e-d4c54852903c	getMultipleResourceProperties:router	efa5bee0-58eb-11df-800e-d4c54852903c
f216bee0-58eb-11df-800e-d4c54852903c	modify:router	efa5bee0-58eb-11df-800e-d4c54852903c
f219cc20-58eb-11df-800e-d4c54852903c	getRouters:router	efa5bee0-58eb-11df-800e-d4c54852903c
f21cd960-58eb-11df-800e-d4c54852903c	setPolicies:policies	efa5bee0-58eb-11df-800e-d4c54852903c
f3edefe0-58eb-11df-800e-d4c54852903c	createNewRouterInstance:router	f2284b10-58eb-11df-800e-d4c54852903c
f3f0d610-58eb-11df-800e-d4c54852903c	setPollingPeriod:router	f2284b10-58eb-11df-800e-d4c54852903c
f3f542e0-58eb-11df-800e-d4c54852903c	invoke:router	f2284b10-58eb-11df-800e-d4c54852903c
f3f89e40-58eb-11df-800e-d4c54852903c	invoke:router	f2284b10-58eb-11df-800e-d4c54852903c
f3fd0b10-58eb-11df-800e-d4c54852903c	invoke:router	f2284b10-58eb-11df-800e-d4c54852903c
f4006670-58eb-11df-800e-d4c54852903c	invoke:router	f2284b10-58eb-11df-800e-d4c54852903c
f403c1d0-58eb-11df-800e-d4c54852903c	invoke:router	f2284b10-58eb-11df-800e-d4c54852903c
f406f620-58eb-11df-800e-d4c54852903c	invoke:router	f2284b10-58eb-11df-800e-d4c54852903c
f40a2a70-58eb-11df-800e-d4c54852903c	invoke:router	f2284b10-58eb-11df-800e-d4c54852903c
f40e4920-58eb-11df-800e-d4c54852903c	invoke:router	f2284b10-58eb-11df-800e-d4c54852903c
f411cb90-58eb-11df-800e-d4c54852903c	invoke:router	f2284b10-58eb-11df-800e-d4c54852903c
f41526f0-58eb-11df-800e-d4c54852903c	invoke:router	f2284b10-58eb-11df-800e-d4c54852903c
f418d070-58eb-11df-800e-d4c54852903c	invoke:router	f2284b10-58eb-11df-800e-d4c54852903c
f41c52e0-58eb-11df-800e-d4c54852903c	invoke:router	f2284b10-58eb-11df-800e-d4c54852903c
f4202370-58eb-11df-800e-d4c54852903c	invoke:router	f2284b10-58eb-11df-800e-d4c54852903c
f4246930-58eb-11df-800e-d4c54852903c	invoke:router	f2284b10-58eb-11df-800e-d4c54852903c
f427eba0-58eb-11df-800e-d4c54852903c	invoke:router	f2284b10-58eb-11df-800e-d4c54852903c
f42b4700-58eb-11df-800e-d4c54852903c	invoke:router	f2284b10-58eb-11df-800e-d4c54852903c
f42ea260-58eb-11df-800e-d4c54852903c	invoke:router	f2284b10-58eb-11df-800e-d4c54852903c
f4329a00-58eb-11df-800e-d4c54852903c	invoke:router	f2284b10-58eb-11df-800e-d4c54852903c
f4358030-58eb-11df-800e-d4c54852903c	destroy:router	f2284b10-58eb-11df-800e-d4c54852903c
f43902a0-58eb-11df-800e-d4c54852903c	getMultipleResourceProperties:router	f2284b10-58eb-11df-800e-d4c54852903c
f43be8d0-58eb-11df-800e-d4c54852903c	modify:router	f2284b10-58eb-11df-800e-d4c54852903c
f43ecf00-58eb-11df-800e-d4c54852903c	getRouters:router	f2284b10-58eb-11df-800e-d4c54852903c
f4420350-58eb-11df-800e-d4c54852903c	setPolicies:policies	f2284b10-58eb-11df-800e-d4c54852903c
f6053720-58eb-11df-800e-d4c54852903c	createNewRouterInstance:router	f44cb1b0-58eb-11df-800e-d4c54852903c
f609a3f0-58eb-11df-800e-d4c54852903c	setPollingPeriod:router	f44cb1b0-58eb-11df-800e-d4c54852903c
f60e5ee0-58eb-11df-800e-d4c54852903c	invoke:router	f44cb1b0-58eb-11df-800e-d4c54852903c
f611e150-58eb-11df-800e-d4c54852903c	invoke:router	f44cb1b0-58eb-11df-800e-d4c54852903c
f6153cb0-58eb-11df-800e-d4c54852903c	invoke:router	f44cb1b0-58eb-11df-800e-d4c54852903c
f618bf20-58eb-11df-800e-d4c54852903c	invoke:router	f44cb1b0-58eb-11df-800e-d4c54852903c
f61c1a80-58eb-11df-800e-d4c54852903c	invoke:router	f44cb1b0-58eb-11df-800e-d4c54852903c
f6208750-58eb-11df-800e-d4c54852903c	invoke:router	f44cb1b0-58eb-11df-800e-d4c54852903c
f62409c0-58eb-11df-800e-d4c54852903c	invoke:router	f44cb1b0-58eb-11df-800e-d4c54852903c
f6276520-58eb-11df-800e-d4c54852903c	invoke:router	f44cb1b0-58eb-11df-800e-d4c54852903c
f62ac080-58eb-11df-800e-d4c54852903c	invoke:router	f44cb1b0-58eb-11df-800e-d4c54852903c
f62e42f0-58eb-11df-800e-d4c54852903c	invoke:router	f44cb1b0-58eb-11df-800e-d4c54852903c
f63261a0-58eb-11df-800e-d4c54852903c	invoke:router	f44cb1b0-58eb-11df-800e-d4c54852903c
f635bd00-58eb-11df-800e-d4c54852903c	invoke:router	f44cb1b0-58eb-11df-800e-d4c54852903c
f6391860-58eb-11df-800e-d4c54852903c	invoke:router	f44cb1b0-58eb-11df-800e-d4c54852903c
f63c73c0-58eb-11df-800e-d4c54852903c	invoke:router	f44cb1b0-58eb-11df-800e-d4c54852903c
f63fcf20-58eb-11df-800e-d4c54852903c	invoke:router	f44cb1b0-58eb-11df-800e-d4c54852903c
f64414e0-58eb-11df-800e-d4c54852903c	invoke:router	f44cb1b0-58eb-11df-800e-d4c54852903c
f6477040-58eb-11df-800e-d4c54852903c	invoke:router	f44cb1b0-58eb-11df-800e-d4c54852903c
f64acba0-58eb-11df-800e-d4c54852903c	invoke:router	f44cb1b0-58eb-11df-800e-d4c54852903c
f64e7520-58eb-11df-800e-d4c54852903c	destroy:router	f44cb1b0-58eb-11df-800e-d4c54852903c
f6515b50-58eb-11df-800e-d4c54852903c	getMultipleResourceProperties:router	f44cb1b0-58eb-11df-800e-d4c54852903c
f6544180-58eb-11df-800e-d4c54852903c	modify:router	f44cb1b0-58eb-11df-800e-d4c54852903c
f6581210-58eb-11df-800e-d4c54852903c	getRouters:router	f44cb1b0-58eb-11df-800e-d4c54852903c
f65b1f50-58eb-11df-800e-d4c54852903c	setPolicies:policies	f44cb1b0-58eb-11df-800e-d4c54852903c
f830c9b0-58eb-11df-800e-d4c54852903c	createNewRouterInstance:router	f66642e0-58eb-11df-800e-d4c54852903c
f8347330-58eb-11df-800e-d4c54852903c	setPollingPeriod:router	f66642e0-58eb-11df-800e-d4c54852903c
f837ce90-58eb-11df-800e-d4c54852903c	invoke:router	f66642e0-58eb-11df-800e-d4c54852903c
f83b9f20-58eb-11df-800e-d4c54852903c	invoke:router	f66642e0-58eb-11df-800e-d4c54852903c
f83fe4e0-58eb-11df-800e-d4c54852903c	invoke:router	f66642e0-58eb-11df-800e-d4c54852903c
f852f7b0-58eb-11df-800e-d4c54852903c	invoke:router	f66642e0-58eb-11df-800e-d4c54852903c
f85abfe0-58eb-11df-800e-d4c54852903c	invoke:router	f66642e0-58eb-11df-800e-d4c54852903c
f85e1b40-58eb-11df-800e-d4c54852903c	invoke:router	f66642e0-58eb-11df-800e-d4c54852903c
f8628810-58eb-11df-800e-d4c54852903c	invoke:router	f66642e0-58eb-11df-800e-d4c54852903c
f865e370-58eb-11df-800e-d4c54852903c	invoke:router	f66642e0-58eb-11df-800e-d4c54852903c
f8693ed0-58eb-11df-800e-d4c54852903c	invoke:router	f66642e0-58eb-11df-800e-d4c54852903c
f86c7320-58eb-11df-800e-d4c54852903c	invoke:router	f66642e0-58eb-11df-800e-d4c54852903c
f86fa770-58eb-11df-800e-d4c54852903c	invoke:router	f66642e0-58eb-11df-800e-d4c54852903c
f872dbc0-58eb-11df-800e-d4c54852903c	invoke:router	f66642e0-58eb-11df-800e-d4c54852903c
f8776fa0-58eb-11df-800e-d4c54852903c	invoke:router	f66642e0-58eb-11df-800e-d4c54852903c
f87acb00-58eb-11df-800e-d4c54852903c	invoke:router	f66642e0-58eb-11df-800e-d4c54852903c
f87e2660-58eb-11df-800e-d4c54852903c	invoke:router	f66642e0-58eb-11df-800e-d4c54852903c
f8815ab0-58eb-11df-800e-d4c54852903c	invoke:router	f66642e0-58eb-11df-800e-d4c54852903c
f884b610-58eb-11df-800e-d4c54852903c	invoke:router	f66642e0-58eb-11df-800e-d4c54852903c
f888adb0-58eb-11df-800e-d4c54852903c	invoke:router	f66642e0-58eb-11df-800e-d4c54852903c
f88c3020-58eb-11df-800e-d4c54852903c	destroy:router	f66642e0-58eb-11df-800e-d4c54852903c
f88f3d60-58eb-11df-800e-d4c54852903c	getMultipleResourceProperties:router	f66642e0-58eb-11df-800e-d4c54852903c
f8922390-58eb-11df-800e-d4c54852903c	modify:router	f66642e0-58eb-11df-800e-d4c54852903c
f89557e0-58eb-11df-800e-d4c54852903c	getRouters:router	f66642e0-58eb-11df-800e-d4c54852903c
f8992870-58eb-11df-800e-d4c54852903c	setPolicies:policies	f66642e0-58eb-11df-800e-d4c54852903c
fac24a00-58eb-11df-800e-d4c54852903c	createNewRouterInstance:router	f8a2c560-58eb-11df-800e-d4c54852903c
fac5a560-58eb-11df-800e-d4c54852903c	setPollingPeriod:router	f8a2c560-58eb-11df-800e-d4c54852903c
fac900c0-58eb-11df-800e-d4c54852903c	invoke:router	f8a2c560-58eb-11df-800e-d4c54852903c
facc8330-58eb-11df-800e-d4c54852903c	invoke:router	f8a2c560-58eb-11df-800e-d4c54852903c
fad02cb0-58eb-11df-800e-d4c54852903c	invoke:router	f8a2c560-58eb-11df-800e-d4c54852903c
fad38810-58eb-11df-800e-d4c54852903c	invoke:router	f8a2c560-58eb-11df-800e-d4c54852903c
fad7a6c0-58eb-11df-800e-d4c54852903c	invoke:router	f8a2c560-58eb-11df-800e-d4c54852903c
fadc1390-58eb-11df-800e-d4c54852903c	invoke:router	f8a2c560-58eb-11df-800e-d4c54852903c
fadf9600-58eb-11df-800e-d4c54852903c	invoke:router	f8a2c560-58eb-11df-800e-d4c54852903c
fae33f80-58eb-11df-800e-d4c54852903c	invoke:router	f8a2c560-58eb-11df-800e-d4c54852903c
fae69ae0-58eb-11df-800e-d4c54852903c	invoke:router	f8a2c560-58eb-11df-800e-d4c54852903c
faeab990-58eb-11df-800e-d4c54852903c	invoke:router	f8a2c560-58eb-11df-800e-d4c54852903c
faee14f0-58eb-11df-800e-d4c54852903c	invoke:router	f8a2c560-58eb-11df-800e-d4c54852903c
faf17050-58eb-11df-800e-d4c54852903c	invoke:router	f8a2c560-58eb-11df-800e-d4c54852903c
faf4cbb0-58eb-11df-800e-d4c54852903c	invoke:router	f8a2c560-58eb-11df-800e-d4c54852903c
faf82710-58eb-11df-800e-d4c54852903c	invoke:router	f8a2c560-58eb-11df-800e-d4c54852903c
fb006470-58eb-11df-800e-d4c54852903c	invoke:router	f8a2c560-58eb-11df-800e-d4c54852903c
fb0398c0-58eb-11df-800e-d4c54852903c	invoke:router	f8a2c560-58eb-11df-800e-d4c54852903c
fb06f420-58eb-11df-800e-d4c54852903c	invoke:router	f8a2c560-58eb-11df-800e-d4c54852903c
fb0a4f80-58eb-11df-800e-d4c54852903c	invoke:router	f8a2c560-58eb-11df-800e-d4c54852903c
fb0d35b0-58eb-11df-800e-d4c54852903c	destroy:router	f8a2c560-58eb-11df-800e-d4c54852903c
fb101be0-58eb-11df-800e-d4c54852903c	getMultipleResourceProperties:router	f8a2c560-58eb-11df-800e-d4c54852903c
fb143a90-58eb-11df-800e-d4c54852903c	modify:router	f8a2c560-58eb-11df-800e-d4c54852903c
fb1720c0-58eb-11df-800e-d4c54852903c	getRouters:router	f8a2c560-58eb-11df-800e-d4c54852903c
fb1a2e00-58eb-11df-800e-d4c54852903c	setPolicies:policies	f8a2c560-58eb-11df-800e-d4c54852903c
fce61460-58eb-11df-800e-d4c54852903c	createNewRouterInstance:router	fb24dc60-58eb-11df-800e-d4c54852903c
fce8fa90-58eb-11df-800e-d4c54852903c	setPollingPeriod:router	fb24dc60-58eb-11df-800e-d4c54852903c
fcec55f0-58eb-11df-800e-d4c54852903c	invoke:router	fb24dc60-58eb-11df-800e-d4c54852903c
fcef8a40-58eb-11df-800e-d4c54852903c	invoke:router	fb24dc60-58eb-11df-800e-d4c54852903c
fcf2be90-58eb-11df-800e-d4c54852903c	invoke:router	fb24dc60-58eb-11df-800e-d4c54852903c
fcf6dd40-58eb-11df-800e-d4c54852903c	invoke:router	fb24dc60-58eb-11df-800e-d4c54852903c
fcfa38a0-58eb-11df-800e-d4c54852903c	invoke:router	fb24dc60-58eb-11df-800e-d4c54852903c
fcfd9400-58eb-11df-800e-d4c54852903c	invoke:router	fb24dc60-58eb-11df-800e-d4c54852903c
fd011670-58eb-11df-800e-d4c54852903c	invoke:router	fb24dc60-58eb-11df-800e-d4c54852903c
fd0471d0-58eb-11df-800e-d4c54852903c	invoke:router	fb24dc60-58eb-11df-800e-d4c54852903c
fd07f440-58eb-11df-800e-d4c54852903c	invoke:router	fb24dc60-58eb-11df-800e-d4c54852903c
fd0eab00-58eb-11df-800e-d4c54852903c	invoke:router	fb24dc60-58eb-11df-800e-d4c54852903c
fd120660-58eb-11df-800e-d4c54852903c	invoke:router	fb24dc60-58eb-11df-800e-d4c54852903c
fd164c20-58eb-11df-800e-d4c54852903c	invoke:router	fb24dc60-58eb-11df-800e-d4c54852903c
fd198070-58eb-11df-800e-d4c54852903c	invoke:router	fb24dc60-58eb-11df-800e-d4c54852903c
fd1f73e0-58eb-11df-800e-d4c54852903c	invoke:router	fb24dc60-58eb-11df-800e-d4c54852903c
fd239290-58eb-11df-800e-d4c54852903c	invoke:router	fb24dc60-58eb-11df-800e-d4c54852903c
fd26edf0-58eb-11df-800e-d4c54852903c	invoke:router	fb24dc60-58eb-11df-800e-d4c54852903c
fd2a7060-58eb-11df-800e-d4c54852903c	invoke:router	fb24dc60-58eb-11df-800e-d4c54852903c
fd2da4b0-58eb-11df-800e-d4c54852903c	invoke:router	fb24dc60-58eb-11df-800e-d4c54852903c
fd308ae0-58eb-11df-800e-d4c54852903c	destroy:router	fb24dc60-58eb-11df-800e-d4c54852903c
fd339820-58eb-11df-800e-d4c54852903c	getMultipleResourceProperties:router	fb24dc60-58eb-11df-800e-d4c54852903c
fd3c98d0-58eb-11df-800e-d4c54852903c	modify:router	fb24dc60-58eb-11df-800e-d4c54852903c
fd3f7f00-58eb-11df-800e-d4c54852903c	getRouters:router	fb24dc60-58eb-11df-800e-d4c54852903c
fd423e20-58eb-11df-800e-d4c54852903c	setPolicies:policies	fb24dc60-58eb-11df-800e-d4c54852903c
ff129150-58eb-11df-800e-d4c54852903c	createNewRouterInstance:router	fd4c9e60-58eb-11df-800e-d4c54852903c
ff163ad0-58eb-11df-800e-d4c54852903c	setPollingPeriod:router	fd4c9e60-58eb-11df-800e-d4c54852903c
ff199630-58eb-11df-800e-d4c54852903c	invoke:router	fd4c9e60-58eb-11df-800e-d4c54852903c
ff1cca80-58eb-11df-800e-d4c54852903c	invoke:router	fd4c9e60-58eb-11df-800e-d4c54852903c
ff1ffed0-58eb-11df-800e-d4c54852903c	invoke:router	fd4c9e60-58eb-11df-800e-d4c54852903c
ff257d10-58eb-11df-800e-d4c54852903c	invoke:router	fd4c9e60-58eb-11df-800e-d4c54852903c
ff28b160-58eb-11df-800e-d4c54852903c	invoke:router	fd4c9e60-58eb-11df-800e-d4c54852903c
ff2c0cc0-58eb-11df-800e-d4c54852903c	invoke:router	fd4c9e60-58eb-11df-800e-d4c54852903c
ff2f4110-58eb-11df-800e-d4c54852903c	invoke:router	fd4c9e60-58eb-11df-800e-d4c54852903c
ff329c70-58eb-11df-800e-d4c54852903c	invoke:router	fd4c9e60-58eb-11df-800e-d4c54852903c
ff366d00-58eb-11df-800e-d4c54852903c	invoke:router	fd4c9e60-58eb-11df-800e-d4c54852903c
ff39c860-58eb-11df-800e-d4c54852903c	invoke:router	fd4c9e60-58eb-11df-800e-d4c54852903c
ff3d4ad0-58eb-11df-800e-d4c54852903c	invoke:router	fd4c9e60-58eb-11df-800e-d4c54852903c
ff416980-58eb-11df-800e-d4c54852903c	invoke:router	fd4c9e60-58eb-11df-800e-d4c54852903c
ff449dd0-58eb-11df-800e-d4c54852903c	invoke:router	fd4c9e60-58eb-11df-800e-d4c54852903c
ff482040-58eb-11df-800e-d4c54852903c	invoke:router	fd4c9e60-58eb-11df-800e-d4c54852903c
ff4c3ef0-58eb-11df-800e-d4c54852903c	invoke:router	fd4c9e60-58eb-11df-800e-d4c54852903c
ff4f7340-58eb-11df-800e-d4c54852903c	invoke:router	fd4c9e60-58eb-11df-800e-d4c54852903c
ff52cea0-58eb-11df-800e-d4c54852903c	invoke:router	fd4c9e60-58eb-11df-800e-d4c54852903c
ff5602f0-58eb-11df-800e-d4c54852903c	invoke:router	fd4c9e60-58eb-11df-800e-d4c54852903c
ff58e920-58eb-11df-800e-d4c54852903c	destroy:router	fd4c9e60-58eb-11df-800e-d4c54852903c
ff5ce0c0-58eb-11df-800e-d4c54852903c	getMultipleResourceProperties:router	fd4c9e60-58eb-11df-800e-d4c54852903c
ff5fc6f0-58eb-11df-800e-d4c54852903c	modify:router	fd4c9e60-58eb-11df-800e-d4c54852903c
ff62fb40-58eb-11df-800e-d4c54852903c	getRouters:router	fd4c9e60-58eb-11df-800e-d4c54852903c
ff65e170-58eb-11df-800e-d4c54852903c	setPolicies:policies	fd4c9e60-58eb-11df-800e-d4c54852903c
012bfb70-58ec-11df-800e-d4c54852903c	createNewRouterInstance:router	ff708fd0-58eb-11df-800e-d4c54852903c
0130dd70-58ec-11df-800e-d4c54852903c	setPollingPeriod:router	ff708fd0-58eb-11df-800e-d4c54852903c
013438d0-58ec-11df-800e-d4c54852903c	invoke:router	ff708fd0-58eb-11df-800e-d4c54852903c
01380960-58ec-11df-800e-d4c54852903c	invoke:router	ff708fd0-58eb-11df-800e-d4c54852903c
013b64c0-58ec-11df-800e-d4c54852903c	invoke:router	ff708fd0-58eb-11df-800e-d4c54852903c
013fd190-58ec-11df-800e-d4c54852903c	invoke:router	ff708fd0-58eb-11df-800e-d4c54852903c
01446570-58ec-11df-800e-d4c54852903c	invoke:router	ff708fd0-58eb-11df-800e-d4c54852903c
0147c0d0-58ec-11df-800e-d4c54852903c	invoke:router	ff708fd0-58eb-11df-800e-d4c54852903c
014b4340-58ec-11df-800e-d4c54852903c	invoke:router	ff708fd0-58eb-11df-800e-d4c54852903c
014eecc0-58ec-11df-800e-d4c54852903c	invoke:router	ff708fd0-58eb-11df-800e-d4c54852903c
01530b70-58ec-11df-800e-d4c54852903c	invoke:router	ff708fd0-58eb-11df-800e-d4c54852903c
0156b4f0-58ec-11df-800e-d4c54852903c	invoke:router	ff708fd0-58eb-11df-800e-d4c54852903c
015c8150-58ec-11df-800e-d4c54852903c	invoke:router	ff708fd0-58eb-11df-800e-d4c54852903c
016003c0-58ec-11df-800e-d4c54852903c	invoke:router	ff708fd0-58eb-11df-800e-d4c54852903c
01635f20-58ec-11df-800e-d4c54852903c	invoke:router	ff708fd0-58eb-11df-800e-d4c54852903c
016708a0-58ec-11df-800e-d4c54852903c	invoke:router	ff708fd0-58eb-11df-800e-d4c54852903c
016b9c80-58ec-11df-800e-d4c54852903c	invoke:router	ff708fd0-58eb-11df-800e-d4c54852903c
016f4600-58ec-11df-800e-d4c54852903c	invoke:router	ff708fd0-58eb-11df-800e-d4c54852903c
0172c870-58ec-11df-800e-d4c54852903c	invoke:router	ff708fd0-58eb-11df-800e-d4c54852903c
017623d0-58ec-11df-800e-d4c54852903c	invoke:router	ff708fd0-58eb-11df-800e-d4c54852903c
01793110-58ec-11df-800e-d4c54852903c	destroy:router	ff708fd0-58eb-11df-800e-d4c54852903c
017d01a0-58ec-11df-800e-d4c54852903c	getMultipleResourceProperties:router	ff708fd0-58eb-11df-800e-d4c54852903c
01800ee0-58ec-11df-800e-d4c54852903c	modify:router	ff708fd0-58eb-11df-800e-d4c54852903c
01831c20-58ec-11df-800e-d4c54852903c	getRouters:router	ff708fd0-58eb-11df-800e-d4c54852903c
01865070-58ec-11df-800e-d4c54852903c	setPolicies:policies	ff708fd0-58eb-11df-800e-d4c54852903c
035ee100-58ec-11df-800e-d4c54852903c	createNewRouterInstance:router	019125e0-58ec-11df-800e-d4c54852903c
0361ee40-58ec-11df-800e-d4c54852903c	setPollingPeriod:router	019125e0-58ec-11df-800e-d4c54852903c
03652290-58ec-11df-800e-d4c54852903c	invoke:router	019125e0-58ec-11df-800e-d4c54852903c
03687df0-58ec-11df-800e-d4c54852903c	invoke:router	019125e0-58ec-11df-800e-d4c54852903c
036d5ff0-58ec-11df-800e-d4c54852903c	invoke:router	019125e0-58ec-11df-800e-d4c54852903c
0371ccc0-58ec-11df-800e-d4c54852903c	invoke:router	019125e0-58ec-11df-800e-d4c54852903c
03752820-58ec-11df-800e-d4c54852903c	invoke:router	019125e0-58ec-11df-800e-d4c54852903c
03788380-58ec-11df-800e-d4c54852903c	invoke:router	019125e0-58ec-11df-800e-d4c54852903c
037c05f0-58ec-11df-800e-d4c54852903c	invoke:router	019125e0-58ec-11df-800e-d4c54852903c
037faf70-58ec-11df-800e-d4c54852903c	invoke:router	019125e0-58ec-11df-800e-d4c54852903c
0383f530-58ec-11df-800e-d4c54852903c	invoke:router	019125e0-58ec-11df-800e-d4c54852903c
03875090-58ec-11df-800e-d4c54852903c	invoke:router	019125e0-58ec-11df-800e-d4c54852903c
038aabf0-58ec-11df-800e-d4c54852903c	invoke:router	019125e0-58ec-11df-800e-d4c54852903c
038e0750-58ec-11df-800e-d4c54852903c	invoke:router	019125e0-58ec-11df-800e-d4c54852903c
039189c0-58ec-11df-800e-d4c54852903c	invoke:router	019125e0-58ec-11df-800e-d4c54852903c
0395a870-58ec-11df-800e-d4c54852903c	invoke:router	019125e0-58ec-11df-800e-d4c54852903c
039951f0-58ec-11df-800e-d4c54852903c	invoke:router	019125e0-58ec-11df-800e-d4c54852903c
039cad50-58ec-11df-800e-d4c54852903c	invoke:router	019125e0-58ec-11df-800e-d4c54852903c
03a056d0-58ec-11df-800e-d4c54852903c	invoke:router	019125e0-58ec-11df-800e-d4c54852903c
03a44e70-58ec-11df-800e-d4c54852903c	invoke:router	019125e0-58ec-11df-800e-d4c54852903c
03a86d20-58ec-11df-800e-d4c54852903c	destroy:router	019125e0-58ec-11df-800e-d4c54852903c
03ab5350-58ec-11df-800e-d4c54852903c	getMultipleResourceProperties:router	019125e0-58ec-11df-800e-d4c54852903c
03ae6090-58ec-11df-800e-d4c54852903c	modify:router	019125e0-58ec-11df-800e-d4c54852903c
03b1e300-58ec-11df-800e-d4c54852903c	getRouters:router	019125e0-58ec-11df-800e-d4c54852903c
03b53e60-58ec-11df-800e-d4c54852903c	setPolicies:policies	019125e0-58ec-11df-800e-d4c54852903c
0586a300-58ec-11df-800e-d4c54852903c	createNewRouterInstance:router	03c19a70-58ec-11df-800e-d4c54852903c
058a2570-58ec-11df-800e-d4c54852903c	setPollingPeriod:router	03c19a70-58ec-11df-800e-d4c54852903c
058d59c0-58ec-11df-800e-d4c54852903c	invoke:router	03c19a70-58ec-11df-800e-d4c54852903c
05910340-58ec-11df-800e-d4c54852903c	invoke:router	03c19a70-58ec-11df-800e-d4c54852903c
05954900-58ec-11df-800e-d4c54852903c	invoke:router	03c19a70-58ec-11df-800e-d4c54852903c
059b3c70-58ec-11df-800e-d4c54852903c	invoke:router	03c19a70-58ec-11df-800e-d4c54852903c
059e97d0-58ec-11df-800e-d4c54852903c	invoke:router	03c19a70-58ec-11df-800e-d4c54852903c
05a21a40-58ec-11df-800e-d4c54852903c	invoke:router	03c19a70-58ec-11df-800e-d4c54852903c
05a575a0-58ec-11df-800e-d4c54852903c	invoke:router	03c19a70-58ec-11df-800e-d4c54852903c
05a8d100-58ec-11df-800e-d4c54852903c	invoke:router	03c19a70-58ec-11df-800e-d4c54852903c
05acefb0-58ec-11df-800e-d4c54852903c	invoke:router	03c19a70-58ec-11df-800e-d4c54852903c
05b04b10-58ec-11df-800e-d4c54852903c	invoke:router	03c19a70-58ec-11df-800e-d4c54852903c
05b3cd80-58ec-11df-800e-d4c54852903c	invoke:router	03c19a70-58ec-11df-800e-d4c54852903c
05b74ff0-58ec-11df-800e-d4c54852903c	invoke:router	03c19a70-58ec-11df-800e-d4c54852903c
05baab50-58ec-11df-800e-d4c54852903c	invoke:router	03c19a70-58ec-11df-800e-d4c54852903c
05beca00-58ec-11df-800e-d4c54852903c	invoke:router	03c19a70-58ec-11df-800e-d4c54852903c
05c24c70-58ec-11df-800e-d4c54852903c	invoke:router	03c19a70-58ec-11df-800e-d4c54852903c
05c5cee0-58ec-11df-800e-d4c54852903c	invoke:router	03c19a70-58ec-11df-800e-d4c54852903c
05c92a40-58ec-11df-800e-d4c54852903c	invoke:router	03c19a70-58ec-11df-800e-d4c54852903c
05cc85a0-58ec-11df-800e-d4c54852903c	invoke:router	03c19a70-58ec-11df-800e-d4c54852903c
05d0a450-58ec-11df-800e-d4c54852903c	destroy:router	03c19a70-58ec-11df-800e-d4c54852903c
05d3ffb0-58ec-11df-800e-d4c54852903c	getMultipleResourceProperties:router	03c19a70-58ec-11df-800e-d4c54852903c
05d6bed0-58ec-11df-800e-d4c54852903c	modify:router	03c19a70-58ec-11df-800e-d4c54852903c
05d9cc10-58ec-11df-800e-d4c54852903c	getRouters:router	03c19a70-58ec-11df-800e-d4c54852903c
05dcb240-58ec-11df-800e-d4c54852903c	setPolicies:policies	03c19a70-58ec-11df-800e-d4c54852903c
07a404c0-58ec-11df-800e-d4c54852903c	createNewRouterInstance:router	05e71280-58ec-11df-800e-d4c54852903c
07a6eaf0-58ec-11df-800e-d4c54852903c	setPollingPeriod:router	05e71280-58ec-11df-800e-d4c54852903c
07abccf0-58ec-11df-800e-d4c54852903c	invoke:router	05e71280-58ec-11df-800e-d4c54852903c
07af2850-58ec-11df-800e-d4c54852903c	invoke:router	05e71280-58ec-11df-800e-d4c54852903c
07b36e10-58ec-11df-800e-d4c54852903c	invoke:router	05e71280-58ec-11df-800e-d4c54852903c
07b6a260-58ec-11df-800e-d4c54852903c	invoke:router	05e71280-58ec-11df-800e-d4c54852903c
07ba4be0-58ec-11df-800e-d4c54852903c	invoke:router	05e71280-58ec-11df-800e-d4c54852903c
07bda740-58ec-11df-800e-d4c54852903c	invoke:router	05e71280-58ec-11df-800e-d4c54852903c
07c0db90-58ec-11df-800e-d4c54852903c	invoke:router	05e71280-58ec-11df-800e-d4c54852903c
07c59680-58ec-11df-800e-d4c54852903c	invoke:router	05e71280-58ec-11df-800e-d4c54852903c
07c8f1e0-58ec-11df-800e-d4c54852903c	invoke:router	05e71280-58ec-11df-800e-d4c54852903c
07cd37a0-58ec-11df-800e-d4c54852903c	invoke:router	05e71280-58ec-11df-800e-d4c54852903c
07d0ba10-58ec-11df-800e-d4c54852903c	invoke:router	05e71280-58ec-11df-800e-d4c54852903c
07d4ffd0-58ec-11df-800e-d4c54852903c	invoke:router	05e71280-58ec-11df-800e-d4c54852903c
07d88240-58ec-11df-800e-d4c54852903c	invoke:router	05e71280-58ec-11df-800e-d4c54852903c
07dc79e0-58ec-11df-800e-d4c54852903c	invoke:router	05e71280-58ec-11df-800e-d4c54852903c
07dffc50-58ec-11df-800e-d4c54852903c	invoke:router	05e71280-58ec-11df-800e-d4c54852903c
07e37ec0-58ec-11df-800e-d4c54852903c	invoke:router	05e71280-58ec-11df-800e-d4c54852903c
07e860c0-58ec-11df-800e-d4c54852903c	invoke:router	05e71280-58ec-11df-800e-d4c54852903c
07ebbc20-58ec-11df-800e-d4c54852903c	invoke:router	05e71280-58ec-11df-800e-d4c54852903c
07ef8cb0-58ec-11df-800e-d4c54852903c	destroy:router	05e71280-58ec-11df-800e-d4c54852903c
07f2e810-58ec-11df-800e-d4c54852903c	getMultipleResourceProperties:router	05e71280-58ec-11df-800e-d4c54852903c
07f5f550-58ec-11df-800e-d4c54852903c	modify:router	05e71280-58ec-11df-800e-d4c54852903c
07f90290-58ec-11df-800e-d4c54852903c	getRouters:router	05e71280-58ec-11df-800e-d4c54852903c
07fc0fd0-58ec-11df-800e-d4c54852903c	setPolicies:policies	05e71280-58ec-11df-800e-d4c54852903c
09d03390-58ec-11df-800e-d4c54852903c	createNewRouterInstance:router	0806e540-58ec-11df-800e-d4c54852903c
09d38ef0-58ec-11df-800e-d4c54852903c	setPollingPeriod:router	0806e540-58ec-11df-800e-d4c54852903c
09d6ea50-58ec-11df-800e-d4c54852903c	invoke:router	0806e540-58ec-11df-800e-d4c54852903c
09da45b0-58ec-11df-800e-d4c54852903c	invoke:router	0806e540-58ec-11df-800e-d4c54852903c
09de6460-58ec-11df-800e-d4c54852903c	invoke:router	0806e540-58ec-11df-800e-d4c54852903c
09e1bfc0-58ec-11df-800e-d4c54852903c	invoke:router	0806e540-58ec-11df-800e-d4c54852903c
09e4f410-58ec-11df-800e-d4c54852903c	invoke:router	0806e540-58ec-11df-800e-d4c54852903c
09e84f70-58ec-11df-800e-d4c54852903c	invoke:router	0806e540-58ec-11df-800e-d4c54852903c
09ebaad0-58ec-11df-800e-d4c54852903c	invoke:router	0806e540-58ec-11df-800e-d4c54852903c
09efa270-58ec-11df-800e-d4c54852903c	invoke:router	0806e540-58ec-11df-800e-d4c54852903c
09f2fdd0-58ec-11df-800e-d4c54852903c	invoke:router	0806e540-58ec-11df-800e-d4c54852903c
09f63220-58ec-11df-800e-d4c54852903c	invoke:router	0806e540-58ec-11df-800e-d4c54852903c
09f98d80-58ec-11df-800e-d4c54852903c	invoke:router	0806e540-58ec-11df-800e-d4c54852903c
09fdfa50-58ec-11df-800e-d4c54852903c	invoke:router	0806e540-58ec-11df-800e-d4c54852903c
0a017cc0-58ec-11df-800e-d4c54852903c	invoke:router	0806e540-58ec-11df-800e-d4c54852903c
0a05e990-58ec-11df-800e-d4c54852903c	invoke:router	0806e540-58ec-11df-800e-d4c54852903c
0a096c00-58ec-11df-800e-d4c54852903c	invoke:router	0806e540-58ec-11df-800e-d4c54852903c
0a0cc760-58ec-11df-800e-d4c54852903c	invoke:router	0806e540-58ec-11df-800e-d4c54852903c
0a0ffbb0-58ec-11df-800e-d4c54852903c	invoke:router	0806e540-58ec-11df-800e-d4c54852903c
0a135710-58ec-11df-800e-d4c54852903c	invoke:router	0806e540-58ec-11df-800e-d4c54852903c
0a170090-58ec-11df-800e-d4c54852903c	destroy:router	0806e540-58ec-11df-800e-d4c54852903c
0a1a0dd0-58ec-11df-800e-d4c54852903c	getMultipleResourceProperties:router	0806e540-58ec-11df-800e-d4c54852903c
0a1d1b10-58ec-11df-800e-d4c54852903c	modify:router	0806e540-58ec-11df-800e-d4c54852903c
0a202850-58ec-11df-800e-d4c54852903c	getRouters:router	0806e540-58ec-11df-800e-d4c54852903c
0a233590-58ec-11df-800e-d4c54852903c	setPolicies:policies	0806e540-58ec-11df-800e-d4c54852903c
8e275500-58ed-11df-800e-d4c54852903c	modify:ipnetwork	8dd11eb0-58ed-11df-800e-d4c54852903c
8e2e0bc0-58ed-11df-800e-d4c54852903c	getIPNetworks:ipnetwork	8dd11eb0-58ed-11df-800e-d4c54852903c
8e364920-58ed-11df-800e-d4c54852903c	invoke:ipnetwork	8dd11eb0-58ed-11df-800e-d4c54852903c
8e392f50-58ed-11df-800e-d4c54852903c	destroy:ipnetwork	8dd11eb0-58ed-11df-800e-d4c54852903c
8e3bee70-58ed-11df-800e-d4c54852903c	addrouters:ipnetwork	8dd11eb0-58ed-11df-800e-d4c54852903c
8e3efbb0-58ed-11df-800e-d4c54852903c	deleteRouters:ipnetwork	8dd11eb0-58ed-11df-800e-d4c54852903c
8e41e1e0-58ed-11df-800e-d4c54852903c	queueAction:ipnetwork	8dd11eb0-58ed-11df-800e-d4c54852903c
8e44c810-58ed-11df-800e-d4c54852903c	getActionQueue:ipnetwork	8dd11eb0-58ed-11df-800e-d4c54852903c
8e49aa10-58ed-11df-800e-d4c54852903c	commitQueue:ipnetwork	8dd11eb0-58ed-11df-800e-d4c54852903c
8e4c9040-58ed-11df-800e-d4c54852903c	deleteActionsFromQueue:ipnetwork	8dd11eb0-58ed-11df-800e-d4c54852903c
8e4f7670-58ed-11df-800e-d4c54852903c	emptyQueue:ipnetwork	8dd11eb0-58ed-11df-800e-d4c54852903c
8e525ca0-58ed-11df-800e-d4c54852903c	setQueue:ipnetwork	8dd11eb0-58ed-11df-800e-d4c54852903c
8e551bc0-58ed-11df-800e-d4c54852903c	getDefaultNetworks:ipnetwork	8dd11eb0-58ed-11df-800e-d4c54852903c
8e5801f0-58ed-11df-800e-d4c54852903c	setPolicies:policies	8dd11eb0-58ed-11df-800e-d4c54852903c
a105f5a0-58ed-11df-800e-d4c54852903c	modify:ipnetwork	a0b4ef70-58ed-11df-800e-d4c54852903c
a10d96c0-58ed-11df-800e-d4c54852903c	getIPNetworks:ipnetwork	a0b4ef70-58ed-11df-800e-d4c54852903c
a1111930-58ed-11df-800e-d4c54852903c	invoke:ipnetwork	a0b4ef70-58ed-11df-800e-d4c54852903c
a113ff60-58ed-11df-800e-d4c54852903c	destroy:ipnetwork	a0b4ef70-58ed-11df-800e-d4c54852903c
a117cff0-58ed-11df-800e-d4c54852903c	addrouters:ipnetwork	a0b4ef70-58ed-11df-800e-d4c54852903c
a11ab620-58ed-11df-800e-d4c54852903c	deleteRouters:ipnetwork	a0b4ef70-58ed-11df-800e-d4c54852903c
a11dc360-58ed-11df-800e-d4c54852903c	queueAction:ipnetwork	a0b4ef70-58ed-11df-800e-d4c54852903c
a1208280-58ed-11df-800e-d4c54852903c	getActionQueue:ipnetwork	a0b4ef70-58ed-11df-800e-d4c54852903c
a12368b0-58ed-11df-800e-d4c54852903c	commitQueue:ipnetwork	a0b4ef70-58ed-11df-800e-d4c54852903c
a1264ee0-58ed-11df-800e-d4c54852903c	deleteActionsFromQueue:ipnetwork	a0b4ef70-58ed-11df-800e-d4c54852903c
a12a6d90-58ed-11df-800e-d4c54852903c	emptyQueue:ipnetwork	a0b4ef70-58ed-11df-800e-d4c54852903c
a12d53c0-58ed-11df-800e-d4c54852903c	setQueue:ipnetwork	a0b4ef70-58ed-11df-800e-d4c54852903c
a13039f0-58ed-11df-800e-d4c54852903c	getDefaultNetworks:ipnetwork	a0b4ef70-58ed-11df-800e-d4c54852903c
a1332020-58ed-11df-800e-d4c54852903c	setPolicies:policies	a0b4ef70-58ed-11df-800e-d4c54852903c
\.


--
-- Data for Name: router_instance; Type: TABLE DATA; Schema: public; Owner: postgres
--

COPY router_instance (router_resource_id, router_name, model, parent, polling_period, "location", accessconfiguration) FROM stdin;
efa5bee0-58eb-11df-800e-d4c54852903c	R-AS2-1	ROUTER_JUNIPERM7i	ecbc81a0-58eb-11df-800e-d4c54852903c	0	14	14
f2284b10-58eb-11df-800e-d4c54852903c	R-AS2-2	ROUTER_JUNIPERM7i	ecbc81a0-58eb-11df-800e-d4c54852903c	0	15	15
f44cb1b0-58eb-11df-800e-d4c54852903c	R-AS2-3	ROUTER_JUNIPERM7i	ecbc81a0-58eb-11df-800e-d4c54852903c	0	16	16
f66642e0-58eb-11df-800e-d4c54852903c	R1	ROUTER_JUNIPERM7i	ecbc81a0-58eb-11df-800e-d4c54852903c	0	17	17
f8a2c560-58eb-11df-800e-d4c54852903c	R2	ROUTER_JUNIPERM7i	ecbc81a0-58eb-11df-800e-d4c54852903c	0	18	18
fb24dc60-58eb-11df-800e-d4c54852903c	R3	ROUTER_JUNIPERM7i	ecbc81a0-58eb-11df-800e-d4c54852903c	0	19	19
fd4c9e60-58eb-11df-800e-d4c54852903c	R4	ROUTER_JUNIPERM7i	ecbc81a0-58eb-11df-800e-d4c54852903c	0	20	20
ff708fd0-58eb-11df-800e-d4c54852903c	R5	ROUTER_JUNIPERM7i	ecbc81a0-58eb-11df-800e-d4c54852903c	0	21	21
019125e0-58ec-11df-800e-d4c54852903c	R6	ROUTER_JUNIPERM7i	ecbc81a0-58eb-11df-800e-d4c54852903c	0	22	22
03c19a70-58ec-11df-800e-d4c54852903c	R7	ROUTER_JUNIPERM7i	ecbc81a0-58eb-11df-800e-d4c54852903c	0	23	23
05e71280-58ec-11df-800e-d4c54852903c	R8	ROUTER_JUNIPERM7i	ecbc81a0-58eb-11df-800e-d4c54852903c	0	24	24
0806e540-58ec-11df-800e-d4c54852903c	RLIE	ROUTER_JUNIPERM7i	ecbc81a0-58eb-11df-800e-d4c54852903c	0	25	25
ecbc81a0-58eb-11df-800e-d4c54852903c	routerHeanet	ROUTER_JUNIPERM7i	\N	0	26	26
\.


--
-- Data for Name: router_instance_access_configuration; Type: TABLE DATA; Schema: public; Owner: postgres
--

COPY router_instance_access_configuration (access_configuration_id, ip_access_address, port, transport_name, protocol_name) FROM stdin;
14	193.1.190.254	22	SSH	NETCONF
15	193.1.190.254	22	SSH	NETCONF
16	193.1.190.254	22	SSH	NETCONF
17	193.1.190.254	22	SSH	NETCONF
18	193.1.190.254	22	SSH	NETCONF
19	193.1.190.254	22	SSH	NETCONF
20	193.1.190.254	22	SSH	NETCONF
21	193.1.190.254	22	SSH	NETCONF
22	193.1.190.254	22	SSH	NETCONF
23	193.1.190.254	22	SSH	NETCONF
24	193.1.190.254	22	SSH	NETCONF
25	193.1.190.254	22	SSH	NETCONF
26	193.1.190.254	22	SSH	NETCONF
\.


--
-- Data for Name: router_instance_children; Type: TABLE DATA; Schema: public; Owner: postgres
--

COPY router_instance_children (router_instance_id, children_key, "position") FROM stdin;
ecbc81a0-58eb-11df-800e-d4c54852903c	efa5bee0-58eb-11df-800e-d4c54852903c	0
ecbc81a0-58eb-11df-800e-d4c54852903c	f2284b10-58eb-11df-800e-d4c54852903c	1
ecbc81a0-58eb-11df-800e-d4c54852903c	f44cb1b0-58eb-11df-800e-d4c54852903c	2
ecbc81a0-58eb-11df-800e-d4c54852903c	f66642e0-58eb-11df-800e-d4c54852903c	3
ecbc81a0-58eb-11df-800e-d4c54852903c	f8a2c560-58eb-11df-800e-d4c54852903c	4
ecbc81a0-58eb-11df-800e-d4c54852903c	fb24dc60-58eb-11df-800e-d4c54852903c	5
ecbc81a0-58eb-11df-800e-d4c54852903c	fd4c9e60-58eb-11df-800e-d4c54852903c	6
ecbc81a0-58eb-11df-800e-d4c54852903c	ff708fd0-58eb-11df-800e-d4c54852903c	7
ecbc81a0-58eb-11df-800e-d4c54852903c	019125e0-58ec-11df-800e-d4c54852903c	8
ecbc81a0-58eb-11df-800e-d4c54852903c	03c19a70-58ec-11df-800e-d4c54852903c	9
ecbc81a0-58eb-11df-800e-d4c54852903c	05e71280-58ec-11df-800e-d4c54852903c	10
ecbc81a0-58eb-11df-800e-d4c54852903c	0806e540-58ec-11df-800e-d4c54852903c	11
\.


--
-- Data for Name: router_instance_location_type; Type: TABLE DATA; Schema: public; Owner: postgres
--

COPY router_instance_location_type (location_id, city, country, address, telephone, email, latitude, longitude, time_zone) FROM stdin;
14						0	0	
15						0	0	
16						0	0	
17						0	0	
18						0	0	
19						0	0	
20						0	0	
21						0	0	
22						0	0	
23						0	0	
24						0	0	
25						0	0	
26						0	0	
\.


--
-- Data for Name: router_instance_user_account; Type: TABLE DATA; Schema: public; Owner: postgres
--

COPY router_instance_user_account (user_account_id, user_id, psw, privileged_user, privileged_psw, router_configured, smtp_server, smtp_server_port, email_user, email_password, router_instance_id) FROM stdin;
14	xavi	xavi123			R-AS2-1	\N	\N	\N	\N	efa5bee0-58eb-11df-800e-d4c54852903c
15	xavi	xavi123			R-AS2-2	\N	\N	\N	\N	f2284b10-58eb-11df-800e-d4c54852903c
16	xavi	xavi123			R-AS2-3	\N	\N	\N	\N	f44cb1b0-58eb-11df-800e-d4c54852903c
17	xavi	xavi123			R1	\N	\N	\N	\N	f66642e0-58eb-11df-800e-d4c54852903c
18	xavi	xavi123			R2	\N	\N	\N	\N	f8a2c560-58eb-11df-800e-d4c54852903c
19	xavi	xavi123			R3	\N	\N	\N	\N	fb24dc60-58eb-11df-800e-d4c54852903c
20	xavi	xavi123			R4	\N	\N	\N	\N	fd4c9e60-58eb-11df-800e-d4c54852903c
21	xavi	xavi123			R5	\N	\N	\N	\N	ff708fd0-58eb-11df-800e-d4c54852903c
22	xavi	xavi123			R6	\N	\N	\N	\N	019125e0-58ec-11df-800e-d4c54852903c
23	xavi	xavi123			R7	\N	\N	\N	\N	03c19a70-58ec-11df-800e-d4c54852903c
24	xavi	xavi123			R8	\N	\N	\N	\N	05e71280-58ec-11df-800e-d4c54852903c
25	xavi	xavi123			RLIE	\N	\N	\N	\N	0806e540-58ec-11df-800e-d4c54852903c
26	xavi	xavi123			\N	\N	\N	\N	\N	ecbc81a0-58eb-11df-800e-d4c54852903c
\.


--
-- Data for Name: user_instance; Type: TABLE DATA; Schema: public; Owner: postgres
--

COPY user_instance (resource_id, user_name, first_name, last_name, organization, address, telephone, email, "role") FROM stdin;
de523270-58e8-11df-800e-d4c54852903c	i2cat	i2cat	i2cat	i2CAT				Administrator
4d8dff20-58e9-11df-800e-d4c54852903c	i2cat-user	i2cat-user	i2cat-user	i2CAT				User
\.


--
-- Name: ipnetwork_networkgraph_pkey; Type: CONSTRAINT; Schema: public; Owner: postgres; Tablespace: 
--

ALTER TABLE ONLY ipnetwork_networkgraph
    ADD CONSTRAINT ipnetwork_networkgraph_pkey PRIMARY KEY (ipnetwork_key, "position");


--
-- Name: ipnetwork_pkey; Type: CONSTRAINT; Schema: public; Owner: postgres; Tablespace: 
--

ALTER TABLE ONLY ipnetwork
    ADD CONSTRAINT ipnetwork_pkey PRIMARY KEY (id);


--
-- Name: ipnetwork_routers_pkey; Type: CONSTRAINT; Schema: public; Owner: postgres; Tablespace: 
--

ALTER TABLE ONLY ipnetwork_routers
    ADD CONSTRAINT ipnetwork_routers_pkey PRIMARY KEY (ipnetwork_key, "position");


--
-- Name: ipnetwork_routes_pkey; Type: CONSTRAINT; Schema: public; Owner: postgres; Tablespace: 
--

ALTER TABLE ONLY ipnetwork_routes
    ADD CONSTRAINT ipnetwork_routes_pkey PRIMARY KEY (ipnetwork_key, "position");


--
-- Name: ipnetwork_subnetworks_pkey; Type: CONSTRAINT; Schema: public; Owner: postgres; Tablespace: 
--

ALTER TABLE ONLY ipnetwork_subnetworks
    ADD CONSTRAINT ipnetwork_subnetworks_pkey PRIMARY KEY (ipnetwork_key, "position");


--
-- Name: ipnetwork_vpns_pkey; Type: CONSTRAINT; Schema: public; Owner: postgres; Tablespace: 
--

ALTER TABLE ONLY ipnetwork_vpns
    ADD CONSTRAINT ipnetwork_vpns_pkey PRIMARY KEY (ipnetwork_key, "position");


--
-- Name: policies_context_pkey; Type: CONSTRAINT; Schema: public; Owner: postgres; Tablespace: 
--

ALTER TABLE ONLY policies_context
    ADD CONSTRAINT policies_context_pkey PRIMARY KEY (policy_key, "position");


--
-- Name: policies_organizationsallowed_pkey; Type: CONSTRAINT; Schema: public; Owner: postgres; Tablespace: 
--

ALTER TABLE ONLY policies_organizationsallowed
    ADD CONSTRAINT policies_organizationsallowed_pkey PRIMARY KEY (policy_key, "position");


--
-- Name: policies_usersallowed_pkey; Type: CONSTRAINT; Schema: public; Owner: postgres; Tablespace: 
--

ALTER TABLE ONLY policies_usersallowed
    ADD CONSTRAINT policies_usersallowed_pkey PRIMARY KEY (policy_key, "position");


--
-- Name: policy_pkey; Type: CONSTRAINT; Schema: public; Owner: postgres; Tablespace: 
--

ALTER TABLE ONLY policy
    ADD CONSTRAINT policy_pkey PRIMARY KEY (policy_key);


--
-- Name: router_instance_access_configuration_pkey; Type: CONSTRAINT; Schema: public; Owner: postgres; Tablespace: 
--

ALTER TABLE ONLY router_instance_access_configuration
    ADD CONSTRAINT router_instance_access_configuration_pkey PRIMARY KEY (access_configuration_id);


--
-- Name: router_instance_accessconfiguration_key; Type: CONSTRAINT; Schema: public; Owner: postgres; Tablespace: 
--

ALTER TABLE ONLY router_instance
    ADD CONSTRAINT router_instance_accessconfiguration_key UNIQUE (accessconfiguration);


--
-- Name: router_instance_children_pkey; Type: CONSTRAINT; Schema: public; Owner: postgres; Tablespace: 
--

ALTER TABLE ONLY router_instance_children
    ADD CONSTRAINT router_instance_children_pkey PRIMARY KEY (router_instance_id, "position");


--
-- Name: router_instance_location_key; Type: CONSTRAINT; Schema: public; Owner: postgres; Tablespace: 
--

ALTER TABLE ONLY router_instance
    ADD CONSTRAINT router_instance_location_key UNIQUE ("location");


--
-- Name: router_instance_location_type_pkey; Type: CONSTRAINT; Schema: public; Owner: postgres; Tablespace: 
--

ALTER TABLE ONLY router_instance_location_type
    ADD CONSTRAINT router_instance_location_type_pkey PRIMARY KEY (location_id);


--
-- Name: router_instance_pkey; Type: CONSTRAINT; Schema: public; Owner: postgres; Tablespace: 
--

ALTER TABLE ONLY router_instance
    ADD CONSTRAINT router_instance_pkey PRIMARY KEY (router_resource_id);


--
-- Name: router_instance_user_account_pkey; Type: CONSTRAINT; Schema: public; Owner: postgres; Tablespace: 
--

ALTER TABLE ONLY router_instance_user_account
    ADD CONSTRAINT router_instance_user_account_pkey PRIMARY KEY (user_account_id);


--
-- Name: user_instance_pkey; Type: CONSTRAINT; Schema: public; Owner: postgres; Tablespace: 
--

ALTER TABLE ONLY user_instance
    ADD CONSTRAINT user_instance_pkey PRIMARY KEY (resource_id);


--
-- Name: fk1e92cd0f6f639971; Type: FK CONSTRAINT; Schema: public; Owner: postgres
--

ALTER TABLE ONLY policies_usersallowed
    ADD CONSTRAINT fk1e92cd0f6f639971 FOREIGN KEY (policy_key) REFERENCES policy(policy_key);


--
-- Name: fk54d7653228593f8; Type: FK CONSTRAINT; Schema: public; Owner: postgres
--

ALTER TABLE ONLY ipnetwork_routers
    ADD CONSTRAINT fk54d7653228593f8 FOREIGN KEY (ipnetwork_key) REFERENCES ipnetwork(id);


--
-- Name: fk7659876228593f8; Type: FK CONSTRAINT; Schema: public; Owner: postgres
--

ALTER TABLE ONLY ipnetwork_routes
    ADD CONSTRAINT fk7659876228593f8 FOREIGN KEY (ipnetwork_key) REFERENCES ipnetwork(id);


--
-- Name: fk7d60a48da0553373; Type: FK CONSTRAINT; Schema: public; Owner: postgres
--

ALTER TABLE ONLY router_instance_user_account
    ADD CONSTRAINT fk7d60a48da0553373 FOREIGN KEY (router_instance_id) REFERENCES router_instance(router_resource_id);


--
-- Name: fk8575c92d28593f8; Type: FK CONSTRAINT; Schema: public; Owner: postgres
--

ALTER TABLE ONLY ipnetwork_subnetworks
    ADD CONSTRAINT fk8575c92d28593f8 FOREIGN KEY (ipnetwork_key) REFERENCES ipnetwork(id);


--
-- Name: fk8fc17dc06f639971; Type: FK CONSTRAINT; Schema: public; Owner: postgres
--

ALTER TABLE ONLY policies_context
    ADD CONSTRAINT fk8fc17dc06f639971 FOREIGN KEY (policy_key) REFERENCES policy(policy_key);


--
-- Name: fka66321d828593f8; Type: FK CONSTRAINT; Schema: public; Owner: postgres
--

ALTER TABLE ONLY ipnetwork_networkgraph
    ADD CONSTRAINT fka66321d828593f8 FOREIGN KEY (ipnetwork_key) REFERENCES ipnetwork(id);


--
-- Name: fkc4e0f6f3a0553373; Type: FK CONSTRAINT; Schema: public; Owner: postgres
--

ALTER TABLE ONLY router_instance_children
    ADD CONSTRAINT fkc4e0f6f3a0553373 FOREIGN KEY (router_instance_id) REFERENCES router_instance(router_resource_id);


--
-- Name: fkc75ce7776f639971; Type: FK CONSTRAINT; Schema: public; Owner: postgres
--

ALTER TABLE ONLY policies_organizationsallowed
    ADD CONSTRAINT fkc75ce7776f639971 FOREIGN KEY (policy_key) REFERENCES policy(policy_key);


--
-- Name: fke9d0cccb4e62ca7a; Type: FK CONSTRAINT; Schema: public; Owner: postgres
--

ALTER TABLE ONLY router_instance
    ADD CONSTRAINT fke9d0cccb4e62ca7a FOREIGN KEY (accessconfiguration) REFERENCES router_instance_access_configuration(access_configuration_id);


--
-- Name: fke9d0cccb7c6ed750; Type: FK CONSTRAINT; Schema: public; Owner: postgres
--

ALTER TABLE ONLY router_instance
    ADD CONSTRAINT fke9d0cccb7c6ed750 FOREIGN KEY ("location") REFERENCES router_instance_location_type(location_id);


--
-- Name: fkfc226c1728593f8; Type: FK CONSTRAINT; Schema: public; Owner: postgres
--

ALTER TABLE ONLY ipnetwork_vpns
    ADD CONSTRAINT fkfc226c1728593f8 FOREIGN KEY (ipnetwork_key) REFERENCES ipnetwork(id);


--
-- Name: public; Type: ACL; Schema: -; Owner: postgres
--

REVOKE ALL ON SCHEMA public FROM PUBLIC;
REVOKE ALL ON SCHEMA public FROM postgres;
GRANT ALL ON SCHEMA public TO postgres;
GRANT ALL ON SCHEMA public TO PUBLIC;


--
-- PostgreSQL database dump complete
--

